{"upperx": 1.0713373599865008, "lowerx": -1.071849030413432, "uppery": 0.20578380771621596, "lowery": -0.20608065179840196, "freqsx": [32.083958020989506, 31.78410794602699, 32.38380809595203, 31.484257871064468, 95.952023988006, 32.68365817091454, 31.18440779610195, 32.98350824587706, 30.88455772113943, 33.28335832083958], "freqsy": [63.86806596701649, 32.083958020989506, 31.78410794602699, 64.16791604197901, 498.35082458770614, 64.46776611694153, 95.952023988006, 497.75112443778113, 499.5502248875562, 159.8200899550225]}