{"upperx": 2.9316627977532335, "lowerx": -2.9313836099463515, "uppery": 0.3216245290241204, "lowery": -0.3211995843448676, "freqsx": [32.083958020989506, 31.78410794602699, 32.38380809595203, 31.484257871064468, 32.68365817091454, 31.18440779610195, 32.98350824587706, 30.88455772113943, 33.28335832083958, 30.584707646176913], "freqsy": [159.8200899550225, 223.688155922039, 223.98800599700152, 95.952023988006, 32.083958020989506, 255.7721139430285, 289.9550224887556, 223.38830584707648, 241.67916041979012, 31.78410794602699]}