{"upperx": 5.970511897758115, "lowerx": -5.969459549232852, "uppery": 0.6513458002882544, "lowery": -0.6505648385209497, "freqsx": [32.083958020989506, 31.78410794602699, 32.38380809595203, 31.484257871064468, 32.68365817091454, 31.18440779610195, 32.98350824587706, 30.88455772113943, 33.28335832083958, 30.584707646176913], "freqsy": [32.083958020989506, 95.952023988006, 31.78410794602699, 159.8200899550225, 191.904047976012, 63.86806596701649, 64.16791604197901, 255.7721139430285, 32.38380809595203, 128.03598200899552]}