{"upperx": 1.2287965598516166, "lowerx": -1.2274231133051217, "uppery": 0.3419191187713295, "lowery": -0.3371630066540092, "freqsx": [32.083958020989506, 31.78410794602699, 95.952023988006, 32.38380809595203, 31.484257871064468, 32.68365817091454, 31.18440779610195, 159.8200899550225, 32.98350824587706, 30.88455772113943], "freqsy": [32.083958020989506, 31.78410794602699, 63.86806596701649, 64.16791604197901, 63.56821589205398, 64.46776611694153, 95.65217391304348, 128.03598200899552, 127.73613193403298, 31.484257871064468]}