{"upperx": 1.7003529352041369, "lowerx": -1.7004406171945448, "uppery": 0.15941531748103444, "lowery": -0.15904331415367778, "freqsx": [32.083958020989506, 31.78410794602699, 32.38380809595203, 31.484257871064468, 32.68365817091454, 31.18440779610195, 32.98350824587706, 30.88455772113943, 63.86806596701649, 33.28335832083958], "freqsy": [191.904047976012, 159.8200899550225, 64.16791604197901, 128.03598200899552, 68.96551724137932, 216.191904047976, 125.93703148425787, 127.43628185907048, 95.952023988006, 31.78410794602699]}