{"upperx": 5.649335061883903, "lowerx": -5.6488889104366535, "uppery": 0.8828066000132822, "lowery": -0.8813840142101981, "freqsx": [32.083958020989506, 31.78410794602699, 32.38380809595203, 31.484257871064468, 32.68365817091454, 31.18440779610195, 32.98350824587706, 30.88455772113943, 33.28335832083958, 30.584707646176913], "freqsy": [127.73613193403298, 134.3328335832084, 63.86806596701649, 465.3673163418291, 95.952023988006, 82.45877061469265, 307.6461769115442, 318.1409295352324, 497.75112443778113, 140.32983508245877]}