{"upperx": 0.5824269321055908, "lowerx": -0.5823921594528656, "uppery": 0.08258362475316972, "lowery": -0.08193666127044708, "freqsx": [32.083958020989506, 31.78410794602699, 32.38380809595203, 31.484257871064468, 32.68365817091454, 31.18440779610195, 32.98350824587706, 30.88455772113943, 33.28335832083958, 30.584707646176913], "freqsy": [498.35082458770614, 499.5502248875562, 497.75112443778113, 497.4512743628186, 191.904047976012, 498.05097451274366, 498.6506746626687, 255.7721139430285, 160.41979010494754, 249.7751124437781]}