{"upperx": 1.6635837437934242, "lowerx": -1.662460934894625, "uppery": 0.2962189950631, "lowery": -0.2944847456528805, "freqsx": [32.083958020989506, 31.78410794602699, 32.38380809595203, 31.484257871064468, 159.8200899550225, 32.68365817091454, 95.952023988006, 223.688155922039, 31.18440779610195, 32.98350824587706], "freqsy": [255.7721139430285, 191.904047976012, 127.73613193403298, 128.03598200899552, 95.952023988006, 191.60419790104947, 127.43628185907048, 32.083958020989506, 319.640179910045, 351.7241379310345]}