{"upperx": 0.9376858449249994, "lowerx": -0.9377969526976813, "uppery": 0.1655548061535228, "lowery": -0.1658595655753743, "freqsx": [32.083958020989506, 31.78410794602699, 32.38380809595203, 31.484257871064468, 32.68365817091454, 31.18440779610195, 95.952023988006, 32.98350824587706, 30.88455772113943, 33.28335832083958], "freqsy": [63.86806596701649, 498.35082458770614, 497.75112443778113, 499.5502248875562, 95.952023988006, 497.4512743628186, 32.083958020989506, 64.16791604197901, 159.8200899550225, 249.7751124437781]}