{"upperx": 2.802339363057399, "lowerx": -2.8014168262889143, "uppery": 0.44316572044044733, "lowery": -0.4418303957208991, "freqsx": [32.083958020989506, 31.78410794602699, 32.38380809595203, 31.484257871064468, 32.68365817091454, 31.18440779610195, 32.98350824587706, 30.88455772113943, 159.8200899550225, 33.28335832083958], "freqsy": [255.7721139430285, 63.86806596701649, 127.73613193403298, 191.904047976012, 95.952023988006, 319.640179910045, 134.3328335832084, 32.083958020989506, 383.5082458770615, 288.75562218890553]}