{"upperx": 0.06292446982115507, "lowerx": -0.053619143553078175, "uppery": 0.06852314155548811, "lowery": -0.05942562688142061, "freqsx": [47.07646176911545, 0.0, 46.776611694152926, 47.37631184407796, 7.796101949025488, 47.67616191904048, 0.29985007496251875, 45.27736131934033, 48.87556221889056, 295.0524737631184], "freqsy": [0.0, 47.37631184407796, 47.07646176911545, 46.776611694152926, 94.1529235382309, 7.796101949025488, 67.1664167916042, 63.26836581709146, 46.476761619190405, 102.84857571214393]}