{"upperx": 0.15737207606434822, "lowerx": -0.1594557724893093, "uppery": 0.385503418976441, "lowery": -0.3901024681981653, "freqsx": [17.691154422788607, 76.7616191904048, 94.4527736131934, 59.070464767616194, 29.385307346326837, 35.382308845577214, 47.37631184407796, 11.694152923538232, 66.86656671664169, 88.45577211394303], "freqsy": [35.382308845577214, 17.691154422788607, 23.68815592203898, 7.796101949025488, 37.481259370314845, 41.37931034482759, 29.385307346326837, 31.484257871064468, 68.96551724137932, 29.685157421289357]}