{"upperx": 0.11124400165863335, "lowerx": -0.1073290768545121, "uppery": 0.05589725309982896, "lowery": -0.051843182649463415, "freqsx": [47.07646176911545, 47.37631184407796, 46.776611694152926, 49.17541229385308, 45.27736131934033, 94.4527736131934, 47.67616191904048, 47.976011994003, 0.0, 46.176911544227885], "freqsy": [5.997001499250375, 0.0, 7.796101949025488, 94.4527736131934, 5.697151424287856, 63.26836581709146, 495.95202398800603, 47.37631184407796, 52.7736131934033, 31.484257871064468]}