{"upperx": 0.17037716612685472, "lowerx": -0.17194490029942244, "uppery": 0.24969612201675773, "lowery": -0.2579062567092478, "freqsx": [5.397301349325337, 5.697151424287856, 0.5997001499250375, 0.8995502248875562, 0.29985007496251875, 11.694152923538232, 1.199400299850075, 5.097451274362819, 5.997001499250375, 11.99400299850075], "freqsy": [0.5997001499250375, 0.8995502248875562, 0.29985007496251875, 1.199400299850075, 5.697151424287856, 5.397301349325337, 4.7976011994003, 4.497751124437781, 5.097451274362819, 4.197901049475263]}