{"upperx": 0.15803475870052353, "lowerx": -0.15868318633874878, "uppery": 0.25448372261598706, "lowery": -0.2631153385154903, "freqsx": [5.697151424287856, 0.29985007496251875, 0.5997001499250375, 5.397301349325337, 11.694152923538232, 0.8995502248875562, 6.8965517241379315, 1.199400299850075, 4.497751124437781, 5.997001499250375], "freqsy": [0.5997001499250375, 0.29985007496251875, 5.697151424287856, 0.8995502248875562, 5.097451274362819, 5.397301349325337, 4.7976011994003, 4.497751124437781, 0.0, 23.68815592203898]}