{"upperx": 0.09022723569069058, "lowerx": -0.08808939473237842, "uppery": 0.07232511986512691, "lowery": -0.07002424995880574, "freqsx": [47.07646176911545, 47.37631184407796, 94.4527736131934, 46.776611694152926, 452.7736131934033, 31.484257871064468, 45.27736131934033, 47.67616191904048, 55.17241379310345, 102.2488755622189], "freqsy": [47.37631184407796, 47.07646176911545, 47.67616191904048, 49.17541229385308, 94.4527736131934, 46.776611694152926, 45.27736131934033, 452.7736131934033, 39.280359820089956, 92.65367316341829]}