{"upperx": 0.05524733674246818, "lowerx": -0.052776574972085655, "uppery": 0.07799160515423864, "lowery": -0.07476076821330935, "freqsx": [11.694152923538232, 23.68815592203898, 17.691154422788607, 5.997001499250375, 41.37931034482759, 0.0, 11.99400299850075, 5.697151424287856, 35.382308845577214, 29.385307346326837], "freqsy": [7.796101949025488, 23.68815592203898, 11.694152923538232, 29.385307346326837, 47.07646176911545, 17.691154422788607, 11.99400299850075, 0.0, 37.481259370314845, 45.27736131934033]}