{"upperx": 0.17232080403482541, "lowerx": -0.17139462527120486, "uppery": 0.12704823352396488, "lowery": -0.12269859574735165, "freqsx": [47.07646176911545, 47.37631184407796, 94.4527736131934, 143.6281859070465, 90.55472263868066, 55.17241379310345, 31.484257871064468, 46.776611694152926, 45.27736131934033, 47.67616191904048], "freqsy": [47.37631184407796, 47.07646176911545, 47.67616191904048, 49.17541229385308, 92.65367316341829, 94.4527736131934, 45.27736131934033, 46.776611694152926, 62.968515742128936, 106.44677661169416]}