{"upperx": 0.20045726298121735, "lowerx": -0.20222845376702026, "uppery": 0.5050837978487834, "lowery": -0.5018911376828328, "freqsx": [94.4527736131934, 90.55472263868066, 49.17541229385308, 35.382308845577214, 103.44827586206897, 69.86506746626686, 68.06596701649175, 98.35082458770616, 68.6656671664168, 59.070464767616194], "freqsy": [68.96551724137932, 47.07646176911545, 106.44677661169416, 100.7496251874063, 62.968515742128936, 23.68815592203898, 108.24587706146927, 92.05397301349326, 121.73913043478261, 93.25337331334333]}