{"upperx": 0.1395344566553831, "lowerx": -0.16609367169439793, "uppery": 0.27568545984104276, "lowery": -0.2795986826531589, "freqsx": [0.0, 0.29985007496251875, 0.5997001499250375, 1.199400299850075, 0.8995502248875562, 1.4992503748125938, 1.7991004497751124, 4.7976011994003, 5.097451274362819, 2.39880059970015], "freqsy": [0.5997001499250375, 0.29985007496251875, 1.4992503748125938, 7.796101949025488, 2.6986506746626686, 1.199400299850075, 47.07646176911545, 5.097451274362819, 4.7976011994003, 5.997001499250375]}