{"upperx": 0.12533651804551482, "lowerx": -0.13404062623158097, "uppery": 0.24292172119021416, "lowery": -0.29475050047039986, "freqsx": [7.882882882882884, 23.367117117117118, 5.63063063063063, 17.454954954954957, 7.601351351351352, 23.64864864864865, 0.0, 8.445945945945946, 5.349099099099099, 11.542792792792794], "freqsy": [0.0, 5.912162162162162, 0.28153153153153154, 7.882882882882884, 15.484234234234235, 15.765765765765767, 0.5630630630630631, 6.193693693693694, 5.349099099099099, 5.63063063063063]}