{"upperx": 0.17137137800455093, "lowerx": -0.18930312246084213, "uppery": 0.3809504397213459, "lowery": -0.437409233301878, "freqsx": [5.918827508455467, 7.891770011273957, 0.0, 7.609921082299887, 15.501691093573843, 23.3934611048478, 11.555806087936865, 11.837655016910935, 7.328072153325817, 5.636978579481397], "freqsy": [7.891770011273957, 7.609921082299887, 0.0, 0.2818489289740699, 0.5636978579481398, 0.8455467869222096, 15.501691093573843, 1.1273957158962795, 1.4092446448703493, 23.3934611048478]}