{"upperx": 0.24086844874545932, "lowerx": -0.25171566056087613, "uppery": 0.47899433597922325, "lowery": -0.5312364436686039, "freqsx": [23.367117117117118, 7.601351351351352, 17.454954954954957, 7.882882882882884, 23.64864864864865, 29.56081081081081, 11.542792792792794, 8.445945945945946, 25.61936936936937, 34.62837837837838], "freqsy": [7.882882882882884, 0.0, 7.601351351351352, 5.912162162162162, 15.484234234234235, 0.28153153153153154, 19.98873873873874, 61.93693693693694, 62.781531531531535, 15.765765765765767]}