{"upperx": 0.33451567962765694, "lowerx": -0.3993321917951107, "uppery": 0.4977295808494091, "lowery": -0.5686382241547108, "freqsx": [0.0, 0.2818489289740699, 0.5636978579481398, 5.918827508455467, 5.355129650507328, 5.636978579481397, 4.509582863585118, 5.073280721533258, 0.8455467869222096, 4.791431792559188], "freqsy": [7.891770011273957, 7.609921082299887, 0.0, 0.2818489289740699, 0.5636978579481398, 0.8455467869222096, 15.501691093573843, 7.328072153325817, 1.1273957158962795, 23.3934611048478]}