{"upperx": 0.6213195524178445, "lowerx": -0.6274606385268271, "uppery": 2.227483704686165, "lowery": -2.2650579661130905, "freqsx": [46.7869222096956, 7.891770011273957, 95.26493799323562, 9.582863585118377, 17.474633596392334, 56.36978579481398, 23.3934611048478, 32.97632468996618, 7.609921082299887, 44.81397970687711], "freqsy": [7.891770011273957, 7.609921082299887, 17.474633596392334, 15.501691093573843, 15.783540022547914, 5.918827508455467, 25.36640360766629, 13.528748590755354, 27.33934611048478, 40.86809470124013]}