{"upperx": 0.30023855343461037, "lowerx": -0.3133082650601864, "uppery": 0.4421821627765894, "lowery": -0.4895170237869024, "freqsx": [23.3934611048478, 29.312288613303267, 7.891770011273957, 5.636978579481397, 7.609921082299887, 5.918827508455467, 31.285231116121757, 0.0, 5.355129650507328, 34.94926719278467], "freqsy": [7.891770011273957, 0.0, 0.2818489289740699, 5.918827508455467, 0.5636978579481398, 7.609921082299887, 23.3934611048478, 4.509582863585118, 6.200676437429538, 0.8455467869222096]}