{"upperx": 0.5016301469877362, "lowerx": -0.5140202147886157, "uppery": 1.435957606881857, "lowery": -1.4822214283049107, "freqsx": [17.474633596392334, 5.636978579481397, 7.891770011273957, 5.355129650507328, 52.423900789177, 40.86809470124013, 29.312288613303267, 35.23111612175874, 36.92220969560315, 63.97970687711386], "freqsy": [7.891770011273957, 7.609921082299887, 5.918827508455467, 15.501691093573843, 17.474633596392334, 21.42051860202931, 0.0, 13.528748590755354, 6.200676437429538, 11.555806087936865]}