{"upperx": 0.37850087508559227, "lowerx": -0.4947381354868412, "uppery": 0.6985713366884738, "lowery": -0.70502461749129, "freqsx": [0.0, 0.2818489289740699, 0.8455467869222096, 0.5636978579481398, 1.1273957158962795, 1.4092446448703493, 4.509582863585118, 1.6910935738444193, 4.791431792559188, 3.9458850056369785], "freqsy": [1.6910935738444193, 0.2818489289740699, 1.1273957158962795, 7.891770011273957, 0.8455467869222096, 7.609921082299887, 4.509582863585118, 5.355129650507328, 7.328072153325817, 5.073280721533258]}