{"upperx": 0.07375844847410917, "lowerx": -0.08487641159445047, "uppery": 0.1668283473700285, "lowery": -0.221913056448102, "freqsx": [7.609921082299887, 7.891770011273957, 0.0, 5.636978579481397, 0.2818489289740699, 0.5636978579481398, 0.8455467869222096, 23.3934611048478, 7.328072153325817, 8.173618940248026], "freqsy": [0.0, 0.2818489289740699, 0.5636978579481398, 7.609921082299887, 7.891770011273957, 5.918827508455467, 0.8455467869222096, 8.173618940248026, 1.4092446448703493, 15.501691093573843]}