{"upperx": 0.852866156026721, "lowerx": -0.8756895232945681, "uppery": 1.2883462738245726, "lowery": -1.3413304258137941, "freqsx": [23.367117117117118, 17.454954954954957, 23.64864864864865, 5.63063063063063, 17.736486486486488, 31.25, 28.99774774774775, 33.22072072072072, 76.29504504504504, 15.765765765765767], "freqsy": [7.882882882882884, 7.601351351351352, 23.367117117117118, 5.912162162162162, 15.484234234234235, 30.96846846846847, 26.182432432432435, 24.21171171171171, 23.64864864864865, 17.736486486486488]}