{"upperx": 3.0718577585648745, "lowerx": -3.0685483731795102, "uppery": 0.11997698689810932, "lowery": -0.11580514465458691, "freqsx": [63.97970687711386, 64.26155580608793, 63.69785794813979, 64.543404735062, 63.41600901916572, 64.82525366403607, 122.04058624577226, 63.134160090191656, 65.38895152198421, 65.95264937993235], "freqsy": [63.97970687711386, 122.04058624577226, 64.26155580608793, 115.83990980834272, 121.47688838782412, 57.77903043968433, 73.28072153325817, 120.34949267192783, 57.497181510710256, 65.95264937993235]}