{"upperx": 2.2813089104602113, "lowerx": -2.27944991865661, "uppery": 0.0860786420525983, "lowery": -0.08337081770878285, "freqsx": [63.97970687711386, 64.26155580608793, 63.69785794813979, 64.543404735062, 63.41600901916572, 64.82525366403607, 65.38895152198421, 121.75873731679819, 63.134160090191656, 122.04058624577226], "freqsy": [65.38895152198421, 64.26155580608793, 62.852311161217585, 63.69785794813979, 63.41600901916572, 64.82525366403607, 67.3618940248027, 62.00676437429537, 64.543404735062, 115.83990980834272]}