{"upperx": 4.809506031917408, "lowerx": -4.81272926623933, "uppery": 0.2116577187553048, "lowery": -0.20280571188777685, "freqsx": [63.97970687711386, 64.26155580608793, 63.69785794813979, 64.543404735062, 64.82525366403607, 63.41600901916572, 57.77903043968433, 65.38895152198421, 63.134160090191656, 65.10710259301014], "freqsy": [63.97970687711386, 122.04058624577226, 121.75873731679819, 65.38895152198421, 62.852311161217585, 63.41600901916572, 64.26155580608793, 64.543404735062, 122.32243517474633, 62.570462232243514]}