{"upperx": 0.9512880710317404, "lowerx": -0.9510649176881998, "uppery": 0.11620644322829321, "lowery": -0.11453613050980493, "freqsx": [63.97970687711386, 64.26155580608793, 63.69785794813979, 64.543404735062, 63.41600901916572, 64.82525366403607, 60.879368658399095, 62.570462232243514, 65.95264937993235, 65.38895152198421], "freqsy": [63.97970687711386, 64.26155580608793, 63.69785794813979, 61.161217587373166, 60.879368658399095, 62.570462232243514, 67.08004509582864, 60.597519729425024, 66.79819616685457, 61.44306651634724]}