{"upperx": 20.297789775562705, "lowerx": -20.298560894298134, "uppery": 0.6734291664324701, "lowery": -0.664512122515589, "freqsx": [63.90765765765766, 64.1891891891892, 63.62612612612613, 64.47072072072072, 64.75225225225225, 63.3445945945946, 65.03378378378379, 63.06306306306307, 65.31531531531532, 65.59684684684684], "freqsy": [121.90315315315316, 63.90765765765766, 64.1891891891892, 63.62612612612613, 70.10135135135135, 66.44144144144144, 63.06306306306307, 64.47072072072072, 65.03378378378379, 116.27252252252252]}