{"upperx": 4.749723494591308, "lowerx": -4.750045716224122, "uppery": 0.27937411586754024, "lowery": -0.2767005630303174, "freqsx": [63.90765765765766, 64.1891891891892, 63.62612612612613, 64.47072072072072, 64.75225225225225, 63.3445945945946, 65.03378378378379, 63.06306306306307, 121.90315315315316, 65.31531531531532], "freqsy": [121.90315315315316, 63.90765765765766, 64.1891891891892, 64.47072072072072, 63.62612612612613, 66.15990990990991, 122.74774774774775, 62.5, 123.87387387387388, 64.75225225225225]}