{"upperx": 9.396884862366278, "lowerx": -9.396828707274835, "uppery": 0.3459512172266841, "lowery": -0.34143019933253527, "freqsx": [63.90765765765766, 64.1891891891892, 63.62612612612613, 64.47072072072072, 64.75225225225225, 63.3445945945946, 65.03378378378379, 63.06306306306307, 65.31531531531532, 121.90315315315316], "freqsy": [121.90315315315316, 57.9954954954955, 64.1891891891892, 115.70945945945947, 58.27702702702703, 63.90765765765766, 116.27252252252252, 122.18468468468468, 57.432432432432435, 115.990990990991]}