{"upperx": 3.9588929601595737, "lowerx": -3.9585603288724087, "uppery": 0.39626222441438586, "lowery": -0.393949631950818, "freqsx": [63.97970687711386, 122.04058624577226, 121.75873731679819, 64.26155580608793, 63.69785794813979, 122.32243517474633, 64.543404735062, 57.77903043968433, 121.47688838782412, 63.41600901916572], "freqsy": [63.97970687711386, 124.01352874859074, 122.88613303269447, 123.16798196166853, 123.4498308906426, 64.26155580608793, 120.91319052987598, 62.00676437429537, 122.32243517474633, 120.06764374295376]}