{"upperx": 1.317965625814395, "lowerx": -1.317393601842923, "uppery": 0.03996109333820641, "lowery": -0.03843614342622459, "freqsx": [63.97970687711386, 64.26155580608793, 63.69785794813979, 64.543404735062, 64.82525366403607, 63.41600901916572, 63.134160090191656, 65.38895152198421, 121.75873731679819, 65.10710259301014], "freqsy": [122.04058624577226, 121.75873731679819, 121.19503945885005, 121.47688838782412, 62.00676437429537, 65.38895152198421, 124.57722660653889, 62.852311161217585, 111.61217587373167, 63.97970687711386]}