{"upperx": 11.722219894290902, "lowerx": -11.720900585292839, "uppery": 0.8834855826571584, "lowery": -0.8791797487065196, "freqsx": [63.97970687711386, 64.26155580608793, 63.69785794813979, 64.543404735062, 122.04058624577226, 64.82525366403607, 63.41600901916572, 121.75873731679819, 115.83990980834272, 70.1803833145434], "freqsy": [122.04058624577226, 121.75873731679819, 124.01352874859074, 123.16798196166853, 120.06764374295376, 64.82525366403607, 122.88613303269447, 62.00676437429537, 63.97970687711386, 122.32243517474633]}