{"upperx": 0.35893643740564585, "lowerx": -0.3498779749497771, "uppery": 1.2943761218339205, "lowery": -1.2372483145445585, "freqsx": [23.367117117117118, 17.454954954954957, 28.99774774774775, 34.90990990990991, 58.55855855855856, 76.01351351351352, 52.6463963963964, 11.824324324324325, 23.085585585585587, 40.822072072072075], "freqsy": [15.484234234234235, 15.765765765765767, 7.882882882882884, 7.601351351351352, 15.202702702702704, 23.367117117117118, 17.736486486486488, 11.824324324324325, 23.64864864864865, 16.0472972972973]}