{"upperx": 1.7447734203888103, "lowerx": -1.7466641339706257, "uppery": 3.02692499011755, "lowery": -3.072700120508671, "freqsx": [46.7869222096956, 52.70574971815107, 40.86809470124013, 29.312288613303267, 58.62457722660653, 35.23111612175874, 23.3934611048478, 70.1803833145434, 76.09921082299887, 64.26155580608793], "freqsy": [46.7869222096956, 29.312288613303267, 52.70574971815107, 35.23111612175874, 40.86809470124013, 58.62457722660653, 23.3934611048478, 17.474633596392334, 41.1499436302142, 64.543404735062]}