{"upperx": 0.05880460055777803, "lowerx": -0.05786518839886412, "uppery": 0.22905218973755836, "lowery": -0.22312140092253685, "freqsx": [7.882882882882884, 1.970720720720721, 15.484234234234235, 11.824324324324325, 17.736486486486488, 23.367117117117118, 5.912162162162162, 15.765765765765767, 35.19144144144144, 19.707207207207208], "freqsy": [7.882882882882884, 15.484234234234235, 15.765765765765767, 1.970720720720721, 31.25, 7.601351351351352, 5.912162162162162, 23.367117117117118, 15.202702702702704, 21.396396396396398]}