{"upperx": 0.40445062750950456, "lowerx": -0.3888412988744676, "uppery": 2.8985461369156837, "lowery": -2.807971201837063, "freqsx": [29.27927927927928, 7.882882882882884, 0.0, 33.22072072072072, 5.912162162162162, 26.745495495495497, 22.804054054054056, 15.765765765765767, 15.484234234234235, 25.33783783783784], "freqsy": [7.882882882882884, 15.765765765765767, 15.484234234234235, 31.25, 7.601351351351352, 23.64864864864865, 11.824324324324325, 5.912162162162162, 20.5518018018018, 17.736486486486488]}