{"upperx": 0.24676984746474773, "lowerx": -0.24455840687733144, "uppery": 0.8554044291377068, "lowery": -0.8381498530507088, "freqsx": [17.474633596392334, 23.3934611048478, 29.312288613303267, 11.555806087936865, 40.86809470124013, 11.837655016910935, 5.918827508455467, 46.7869222096956, 34.94926719278467, 35.23111612175874], "freqsy": [29.312288613303267, 40.86809470124013, 23.3934611048478, 17.474633596392334, 35.23111612175874, 46.7869222096956, 34.94926719278467, 5.918827508455467, 11.837655016910935, 11.555806087936865]}