{"upperx": 0.143311008810997, "lowerx": -0.16651111096143723, "uppery": 0.39329536259174347, "lowery": -0.4505799859762192, "freqsx": [0.0, 5.918827508455467, 0.2818489289740699, 7.891770011273957, 11.555806087936865, 11.837655016910935, 15.501691093573843, 0.5636978579481398, 5.636978579481397, 0.8455467869222096], "freqsy": [7.891770011273957, 7.609921082299887, 0.0, 0.2818489289740699, 0.5636978579481398, 0.8455467869222096, 15.501691093573843, 15.783540022547914, 1.1273957158962795, 7.328072153325817]}