{"upperx": 0.35023704171180725, "lowerx": -0.4687991738319397, "uppery": 0.7609452530741692, "lowery": -0.7806280925869942, "freqsx": [0.0, 0.2818489289740699, 0.8455467869222096, 0.5636978579481398, 3.9458850056369785, 1.1273957158962795, 4.227733934611048, 5.073280721533258, 4.791431792559188, 1.6910935738444193], "freqsy": [0.2818489289740699, 7.891770011273957, 1.1273957158962795, 1.9729425028184893, 8.173618940248026, 3.9458850056369785, 1.6910935738444193, 0.8455467869222096, 4.509582863585118, 4.791431792559188]}