{"upperx": 0.3701298391679302, "lowerx": -0.3719281399389729, "uppery": 1.7433157721534371, "lowery": -1.7609738549217582, "freqsx": [29.312288613303267, 23.3934611048478, 35.23111612175874, 11.555806087936865, 66.5163472378805, 35.5129650507328, 111.3303269447576, 17.474633596392334, 52.70574971815107, 11.837655016910935], "freqsy": [35.23111612175874, 52.70574971815107, 17.474633596392334, 46.7869222096956, 5.918827508455467, 54.67869222096956, 29.312288613303267, 40.86809470124013, 83.99098083427282, 11.555806087936865]}