{"upperx": 0.15998848085291684, "lowerx": -0.1569699242245406, "uppery": 0.32726618694141507, "lowery": -0.31266529811546206, "freqsx": [17.474633596392334, 23.3934611048478, 11.555806087936865, 5.918827508455467, 11.837655016910935, 29.312288613303267, 35.23111612175874, 17.7564825253664, 15.501691093573843, 40.86809470124013], "freqsy": [7.891770011273957, 15.501691093573843, 7.609921082299887, 1.9729425028184893, 17.474633596392334, 5.918827508455467, 15.783540022547914, 11.837655016910935, 23.3934611048478, 3.9458850056369785]}