{"upperx": 0.025454317510593683, "lowerx": -0.024129847704898566, "uppery": 0.12303215212887153, "lowery": -0.12209680728847161, "freqsx": [1.9729425028184893, 15.501691093573843, 15.783540022547914, 23.3934611048478, 17.474633596392334, 25.36640360766629, 31.285231116121757, 38.61330326944757, 0.0, 35.23111612175874], "freqsy": [7.891770011273957, 15.501691093573843, 1.9729425028184893, 15.783540022547914, 7.609921082299887, 23.3934611048478, 3.9458850056369785, 31.285231116121757, 15.219842164599774, 7.328072153325817]}