{"upperx": 0.08773290645331144, "lowerx": -0.10673857945948839, "uppery": 0.28094986639916897, "lowery": -0.26240756548941135, "freqsx": [0.0, 0.2818489289740699, 0.5636978579481398, 0.8455467869222096, 1.1273957158962795, 1.4092446448703493, 1.6910935738444193, 3.9458850056369785, 2.254791431792559, 4.227733934611048], "freqsy": [15.501691093573843, 3.9458850056369785, 7.609921082299887, 7.891770011273957, 11.555806087936865, 5.636978579481397, 5.918827508455467, 23.3934611048478, 1.9729425028184893, 5.073280721533258]}