{"upperx": 0.11109297201619484, "lowerx": -0.11019289269461296, "uppery": 0.19585054140770808, "lowery": -0.19717363495146856, "freqsx": [17.474633596392334, 34.94926719278467, 23.3934611048478, 11.555806087936865, 5.918827508455467, 29.0304396843292, 40.86809470124013, 11.837655016910935, 1.9729425028184893, 23.67531003382187], "freqsy": [7.891770011273957, 15.501691093573843, 7.609921082299887, 34.94926719278467, 1.9729425028184893, 52.423900789177, 29.0304396843292, 46.50507328072153, 5.918827508455467, 40.86809470124013]}