{"upperx": 0.07328905363101512, "lowerx": -0.07180314313154668, "uppery": 0.2702954199630767, "lowery": -0.264436251251027, "freqsx": [7.882882882882884, 15.484234234234235, 23.367117117117118, 34.90990990990991, 40.822072072072075, 21.396396396396398, 5.912162162162162, 24.21171171171171, 1.970720720720721, 23.64864864864865], "freqsy": [15.484234234234235, 7.882882882882884, 7.601351351351352, 23.367117117117118, 17.454954954954957, 19.425675675675677, 8.164414414414415, 1.970720720720721, 117.11711711711712, 25.33783783783784]}