{"upperx": 0.029863353352993727, "lowerx": -0.028487103525549173, "uppery": 0.123140037219855, "lowery": -0.12287456526246388, "freqsx": [1.9729425028184893, 15.501691093573843, 23.3934611048478, 34.94926719278467, 38.61330326944757, 17.474633596392334, 36.64036076662909, 23.67531003382187, 31.848928974069896, 29.0304396843292], "freqsy": [15.501691093573843, 7.891770011273957, 7.609921082299887, 1.9729425028184893, 23.3934611048478, 3.9458850056369785, 11.555806087936865, 23.11161217587373, 8.173618940248026, 7.328072153325817]}