{"upperx": 0.5809004579205066, "lowerx": -0.5771764542441815, "uppery": 2.01956017781049, "lowery": -2.03889815043658, "freqsx": [23.367117117117118, 34.90990990990991, 28.99774774774775, 24.493243243243246, 46.4527027027027, 52.36486486486487, 29.27927927927928, 40.822072072072075, 17.454954954954957, 27.30855855855856], "freqsy": [23.367117117117118, 15.484234234234235, 40.822072072072075, 7.882882882882884, 68.6936936936937, 11.542792792792794, 101.63288288288288, 5.912162162162162, 46.4527027027027, 35.19144144144144]}