{"upperx": 0.34657197818160057, "lowerx": -0.45565590634942055, "uppery": 0.6327849123626947, "lowery": -0.6463824715465307, "freqsx": [0.0, 0.2818489289740699, 0.5636978579481398, 0.8455467869222096, 1.4092446448703493, 5.355129650507328, 1.1273957158962795, 5.636978579481397, 1.6910935738444193, 3.6640360766629083], "freqsy": [0.2818489289740699, 0.8455467869222096, 7.891770011273957, 2.254791431792559, 4.791431792559188, 1.6910935738444193, 8.173618940248026, 1.4092446448703493, 7.609921082299887, 1.1273957158962795]}