{"upperx": 0.19880339968949556, "lowerx": -0.19711595308035612, "uppery": 0.4822679131757468, "lowery": -0.48691353504545987, "freqsx": [23.3934611048478, 11.555806087936865, 31.003382187147686, 29.0304396843292, 29.594137542277338, 1.9729425028184893, 32.97632468996618, 30.157835400225476, 29.312288613303267, 21.42051860202931], "freqsy": [15.501691093573843, 17.474633596392334, 46.50507328072153, 1.9729425028184893, 7.891770011273957, 5.918827508455467, 63.97970687711386, 48.478015783540016, 23.3934611048478, 11.555806087936865]}