{"upperx": 1.15116659225896, "lowerx": -1.1380507010035217, "uppery": 2.743059167638421, "lowery": -2.7862625028938055, "freqsx": [5.912162162162162, 58.27702702702703, 5.63063063063063, 6.193693693693694, 75.73198198198199, 57.9954954954955, 107.54504504504504, 23.367117117117118, 64.1891891891892, 107.82657657657658], "freqsy": [5.912162162162162, 5.63063063063063, 52.36486486486487, 58.27702702702703, 23.085585585585587, 28.99774774774775, 64.1891891891892, 11.542792792792794, 79.3918918918919, 80.51801801801803]}