{"upperx": 0.129025404836284, "lowerx": -0.12820686629856937, "uppery": 0.256360181607306, "lowery": -0.2587022250518203, "freqsx": [11.555806087936865, 34.94926719278467, 23.3934611048478, 17.474633596392334, 5.918827508455467, 1.9729425028184893, 63.97970687711386, 19.44757609921082, 23.11161217587373, 25.930101465614428], "freqsy": [7.891770011273957, 15.501691093573843, 11.555806087936865, 17.474633596392334, 1.9729425028184893, 7.609921082299887, 5.918827508455467, 19.44757609921082, 29.0304396843292, 63.97970687711386]}