{"upperx": 0.1352206962183118, "lowerx": -0.16191676538437605, "uppery": 0.39071567356586456, "lowery": -0.3649550527334213, "freqsx": [0.0, 0.2818489289740699, 11.555806087936865, 0.5636978579481398, 0.8455467869222096, 1.1273957158962795, 3.9458850056369785, 1.4092446448703493, 1.6910935738444193, 3.6640360766629083], "freqsy": [7.891770011273957, 15.501691093573843, 7.609921082299887, 3.9458850056369785, 5.918827508455467, 0.0, 17.474633596392334, 1.9729425028184893, 11.837655016910935, 0.2818489289740699]}