{"upperx": 1.9641466275788844, "lowerx": -1.9620058401487768, "uppery": 1.2581389667211624, "lowery": -1.2580545423807052, "freqsx": [33.88305847076462, 67.76611694152923, 34.18290854572714, 281.8590704647676, 286.0569715142429, 289.9550224887556, 285.75712143928035, 34.48275862068966, 101.64917541229386, 493.8530734632684], "freqsy": [33.88305847076462, 67.76611694152923, 281.8590704647676, 465.9670164917541, 101.64917541229386, 285.75712143928035, 68.06596701649175, 286.0569715142429, 499.5502248875562, 135.53223388305847]}