{"upperx": 0.4715712669021741, "lowerx": -0.47144943450621213, "uppery": 0.23670022987062111, "lowery": -0.23734650708502159, "freqsx": [33.88305847076462, 67.76611694152923, 34.18290854572714, 101.64917541229386, 33.5832083958021, 398.2008995502249, 214.09295352323838, 217.99100449775113, 34.48275862068966, 281.8590704647676], "freqsy": [33.88305847076462, 67.76611694152923, 465.9670164917541, 281.8590704647676, 68.06596701649175, 285.75712143928035, 101.64917541229386, 286.0569715142429, 398.2008995502249, 34.18290854572714]}