{"upperx": 0.4387156040611444, "lowerx": -0.43887636352155823, "uppery": 0.24446376696869265, "lowery": -0.24468934997275937, "freqsx": [33.88305847076462, 101.64917541229386, 67.76611694152923, 135.53223388305847, 34.18290854572714, 101.94902548725638, 281.8590704647676, 135.832083958021, 33.5832083958021, 169.4152923538231], "freqsy": [33.88305847076462, 67.76611694152923, 101.64917541229386, 281.8590704647676, 465.9670164917541, 499.5502248875562, 285.75712143928035, 432.08395802098954, 398.2008995502249, 489.9550224887556]}