{"upperx": 0.8808478248538449, "lowerx": -0.87985323544126, "uppery": 0.48209864407544956, "lowery": -0.483872378768865, "freqsx": [33.88305847076462, 67.76611694152923, 101.64917541229386, 34.18290854572714, 281.8590704647676, 33.5832083958021, 289.9550224887556, 286.0569715142429, 135.53223388305847, 101.94902548725638], "freqsy": [33.88305847076462, 67.76611694152923, 281.8590704647676, 465.9670164917541, 101.64917541229386, 285.75712143928035, 286.0569715142429, 499.5502248875562, 466.26686656671666, 150.2248875562219]}