{"upperx": 0.34293441017871373, "lowerx": -0.3428565011381579, "uppery": 0.21916704226168804, "lowery": -0.22003681611386128, "freqsx": [33.88305847076462, 67.76611694152923, 101.64917541229386, 34.18290854572714, 135.53223388305847, 33.5832083958021, 398.2008995502249, 237.48125937031486, 101.94902548725638, 214.09295352323838], "freqsy": [33.88305847076462, 67.76611694152923, 101.64917541229386, 34.18290854572714, 465.9670164917541, 398.2008995502249, 102.84857571214393, 101.94902548725638, 68.06596701649175, 432.08395802098954]}