{"upperx": 1.3122137845493853, "lowerx": -1.3066065846942365, "uppery": 0.6903033148846589, "lowery": -0.6896216977038421, "freqsx": [33.88305847076462, 67.76611694152923, 33.5832083958021, 135.53223388305847, 34.18290854572714, 67.46626686656671, 35.08245877061469, 33.28335832083958, 135.832083958021, 34.48275862068966], "freqsy": [33.88305847076462, 34.18290854572714, 281.8590704647676, 465.9670164917541, 214.09295352323838, 33.5832083958021, 285.75712143928035, 101.64917541229386, 286.0569715142429, 217.99100449775113]}