{"upperx": 0.7094724052440142, "lowerx": -0.7091792351711774, "uppery": 0.3793801537831314, "lowery": -0.3807718285243027, "freqsx": [33.88305847076462, 101.64917541229386, 67.76611694152923, 34.18290854572714, 33.5832083958021, 398.2008995502249, 217.99100449775113, 101.94902548725638, 214.09295352323838, 34.48275862068966], "freqsy": [33.88305847076462, 67.76611694152923, 465.9670164917541, 68.06596701649175, 281.8590704647676, 285.75712143928035, 101.64917541229386, 286.0569715142429, 95.952023988006, 112.44377811094454]}