{"upperx": 0.618947426090017, "lowerx": -0.6150938475038856, "uppery": 0.35931909953797003, "lowery": -0.3594952138737426, "freqsx": [33.88305847076462, 67.76611694152923, 33.5832083958021, 34.18290854572714, 398.2008995502249, 214.09295352323838, 135.53223388305847, 217.99100449775113, 67.46626686656671, 67.1664167916042], "freqsy": [33.88305847076462, 34.18290854572714, 465.9670164917541, 281.8590704647676, 67.76611694152923, 33.5832083958021, 101.64917541229386, 466.26686656671666, 34.48275862068966, 150.2248875562219]}