{"upperx": 0.16636414603817684, "lowerx": -0.16630726529729145, "uppery": 0.08718472892724094, "lowery": -0.08726022218979779, "freqsx": [33.88305847076462, 67.76611694152923, 34.18290854572714, 33.5832083958021, 101.64917541229386, 398.2008995502249, 217.99100449775113, 214.09295352323838, 34.48275862068966, 281.8590704647676], "freqsy": [33.88305847076462, 67.76611694152923, 465.9670164917541, 281.8590704647676, 398.2008995502249, 101.64917541229386, 499.5502248875562, 285.75712143928035, 286.0569715142429, 34.18290854572714]}