{"upperx": 0.35204337441246025, "lowerx": -0.35233837462146766, "uppery": 0.18022219493286684, "lowery": -0.18075979844434187, "freqsx": [33.88305847076462, 67.76611694152923, 34.18290854572714, 398.2008995502249, 33.5832083958021, 217.99100449775113, 214.09295352323838, 101.64917541229386, 281.8590704647676, 34.48275862068966], "freqsy": [33.88305847076462, 67.76611694152923, 465.9670164917541, 281.8590704647676, 285.75712143928035, 466.26686656671666, 101.64917541229386, 33.5832083958021, 286.0569715142429, 68.06596701649175]}