{"upperx": 0.03599361458327621, "lowerx": -0.035745904431678355, "uppery": 0.046798957288956444, "lowery": -0.04682440332999249, "freqsx": [46.03358425014476, 48.06022003474233, 32.71569195136074, 28.662420382165607, 28.372900984365952, 49.21829762594094, 28.0833815865663, 30.689056166763173, 30.39953676896352, 33.00521134916039], "freqsy": [39.085118702953096, 48.34973943254198, 59.93051534452808, 60.50955414012739, 55.58772437753329, 54.71916618413434, 59.64099594672843, 39.664157498552406, 66.01042269832078, 51.24493341053851]}