{"upperx": 0.06288418499752879, "lowerx": -0.05982152419164777, "uppery": 0.07220346014946699, "lowery": -0.07376595307141542, "freqsx": [6.079907353792704, 3.4742327735958307, 3.1847133757961785, 2.3161551823972206, 5.790387955993052, 0.2895193977996526, 4.053271569195136, 1.447596988998263, 5.2113491603937465, 0.8685581933989577], "freqsy": [48.63925883034163, 55.58772437753329, 40.24319629415171, 46.90214244354372, 7.81702374059062, 1.7371163867979154, 35.90040532715692, 27.214823393167343, 50.37637521713955, 17.95020266357846]}