{"upperx": 0.10315757503849454, "lowerx": -0.10284870603936724, "uppery": 0.10366681162122404, "lowery": -0.10353714283701265, "freqsx": [46.03358425014476, 48.06022003474233, 50.086855819339895, 50.37637521713955, 69.19513607411696, 35.90040532715692, 58.77243775332947, 49.21829762594094, 50.6658946149392, 47.19166184134337], "freqsy": [46.90214244354372, 39.085118702953096, 50.6658946149392, 54.71916618413434, 68.90561667631731, 59.93051534452808, 66.01042269832078, 34.452808338158654, 51.24493341053851, 38.506079907353794]}