{"upperx": 0.011638528187177144, "lowerx": -0.01132824552769307, "uppery": 0.020599360614141915, "lowery": -0.02080218676564982, "freqsx": [7.81702374059062, 6.079907353792704, 59.06195715112913, 4.053271569195136, 5.790387955993052, 45.744064852345105, 5.2113491603937465, 22.003474232773595, 3.4742327735958307, 56.745801968731904], "freqsy": [46.90214244354372, 93.80428488708743, 41.98031268094962, 64.85234510712218, 48.63925883034163, 58.77243775332947, 222.06137811233353, 46.323103647944414, 59.06195715112913, 59.93051534452808]}