{"upperx": 0.025372171046910807, "lowerx": -0.024614956957520917, "uppery": 0.02722943961271085, "lowery": -0.027687415335094556, "freqsx": [3.1847133757961785, 1.447596988998263, 1.1580775911986103, 48.06022003474233, 3.4742327735958307, 8.685581933989578, 4.053271569195136, 5.2113491603937465, 10.712217718587146, 15.344528083381586], "freqsy": [127.67805442964679, 128.83613202084538, 122.17718587145339, 127.96757382744644, 126.23045744064852, 128.54661262304575, 121.30862767805444, 123.62478286045165, 129.12565141864505, 122.46670526925304]}