{"upperx": 0.0252537327905884, "lowerx": -0.02477441066002939, "uppery": 0.05076460601412691, "lowery": -0.05125718130148016, "freqsx": [33.00521134916039, 46.323103647944414, 26.346265199768386, 7.81702374059062, 6.079907353792704, 4.053271569195136, 35.031847133757964, 40.24319629415171, 28.372900984365952, 5.790387955993052], "freqsy": [46.90214244354372, 70.35321366531558, 64.85234510712218, 35.031847133757964, 37.05848291835553, 46.323103647944414, 48.63925883034163, 93.80428488708743, 8.97510133178923, 30.689056166763173]}