{"upperx": 0.01908332009043079, "lowerx": -0.01882686286990065, "uppery": 0.027020310113584856, "lowery": -0.02713704382404103, "freqsx": [48.06022003474233, 75.56456282570932, 30.39953676896352, 29.820497973364215, 43.71742906774754, 28.372900984365952, 8.685581933989578, 77.59119861030689, 30.689056166763173, 33.00521134916039], "freqsy": [36.18992472495657, 51.24493341053851, 38.506079907353794, 54.71916618413434, 42.848870874348584, 47.19166184134337, 50.6658946149392, 30.689056166763173, 41.11175448755067, 35.031847133757964]}