{"upperx": 0.03342889330815524, "lowerx": -0.03292279981542379, "uppery": 0.0673689010727685, "lowery": -0.06790832176920958, "freqsx": [7.81702374059062, 12.159814707585408, 27.793862188766646, 14.186450492182976, 6.658946149392009, 35.90040532715692, 59.06195715112913, 31.26809496236248, 6.079907353792704, 46.323103647944414], "freqsy": [46.90214244354372, 59.93051534452808, 93.80428488708743, 64.85234510712218, 121.59814707585409, 48.63925883034163, 37.34800231615518, 131.73132599884192, 51.53445280833816, 30.689056166763173]}