{"upperx": 0.03729421802563593, "lowerx": -0.03572589374380186, "uppery": 0.03985566980554722, "lowery": -0.0406417757330928, "freqsx": [5.2113491603937465, 3.1847133757961785, 2.3161551823972206, 3.4742327735958307, 1.447596988998263, 4.053271569195136, 5.790387955993052, 7.81702374059062, 0.5790387955993052, 0.2895193977996526], "freqsy": [48.06022003474233, 11.580775911986104, 18.239722061378114, 31.26809496236248, 64.27330631152287, 9.554140127388536, 28.372900984365952, 39.95367689635206, 35.031847133757964, 7.81702374059062]}