{"upperx": 0.05486037397349719, "lowerx": -0.05439992433821317, "uppery": 0.10698998291627504, "lowery": -0.10767140667303465, "freqsx": [7.81702374059062, 26.346265199768386, 6.079907353792704, 28.951939779965258, 15.63404748118124, 69.19513607411696, 46.612623045744066, 59.06195715112913, 27.793862188766646, 5.790387955993052], "freqsy": [46.90214244354372, 64.85234510712218, 35.031847133757964, 48.63925883034163, 58.77243775332947, 37.05848291835553, 93.80428488708743, 41.98031268094962, 54.71916618413434, 97.27851766068326]}