{"upperx": 1.3459752310300246, "lowerx": -1.3428475748514757, "uppery": 0.09328639433442731, "lowery": -0.09323906972349505, "freqsx": [122.04058624577226, 122.32243517474633, 121.75873731679819, 122.6042841037204, 121.47688838782412, 122.88613303269447, 121.19503945885005, 116.1217587373168, 123.16798196166853, 116.40360766629087], "freqsy": [124.57722660653889, 113.02142051860203, 110.76662908680946, 109.63923337091319, 98.36527621195039, 107.38444193912062, 7.891770011273957, 123.4498308906426, 104.28410372040585, 107.66629086809469]}