{"upperx": 2.6511565847322345, "lowerx": -2.64279015827924, "uppery": 0.13901096710469574, "lowery": -0.13978212943766266, "freqsx": [122.04058624577226, 122.32243517474633, 121.75873731679819, 122.6042841037204, 122.88613303269447, 121.47688838782412, 123.16798196166853, 116.40360766629087, 123.4498308906426, 120.91319052987598], "freqsy": [124.57722660653889, 122.32243517474633, 122.6042841037204, 115.55806087936865, 121.75873731679819, 120.06764374295376, 118.09470124013528, 121.19503945885005, 110.48478015783539, 104.847801578354]}