{"upperx": 22.83132027462125, "lowerx": -22.91403342410922, "uppery": 0.947052463889122, "lowery": -0.9277858883142471, "freqsx": [122.18468468468468, 121.90315315315316, 121.62162162162163, 122.46621621621622, 121.3400900900901, 122.74774774774775, 121.05855855855856, 120.77702702702703, 120.4954954954955, 123.02927927927928], "freqsy": [121.90315315315316, 122.18468468468468, 120.21396396396396, 114.02027027027027, 121.3400900900901, 121.62162162162163, 121.05855855855856, 123.02927927927928, 115.1463963963964, 122.74774774774775]}