{"upperx": 1.6355869728140533, "lowerx": -1.632315639872104, "uppery": 0.12772359931841493, "lowery": -0.12658010190352798, "freqsx": [122.04058624577226, 122.32243517474633, 121.75873731679819, 122.6042841037204, 121.47688838782412, 122.88613303269447, 116.40360766629087, 121.19503945885005, 110.20293122886132, 120.6313416009019], "freqsy": [111.61217587373167, 93.85569334836526, 115.27621195039458, 121.47688838782412, 99.2108229988726, 113.86696730552423, 87.9368658399098, 119.50394588500563, 107.38444193912062, 124.57722660653889]}