{"upperx": 10.882373571395874, "lowerx": -11.523776292800903, "uppery": 21.050617456436157, "lowery": -23.163548231124878, "freqsx": [8.064516129032258, 0.0, 16.129032258064516, 24.193548387096776, 104.83870967741936, 88.70967741935483, 112.90322580645162, 96.7741935483871, 32.25806451612903, 80.64516129032258], "freqsy": [64.51612903225806, 56.45161290322581, 80.64516129032258, 72.58064516129032, 48.38709677419355, 40.32258064516129, 88.70967741935483, 32.25806451612903, 96.7741935483871, 104.83870967741936]}