{"upperx": 2.5565571000333875, "lowerx": -2.5516237805131823, "uppery": 0.19574841470603133, "lowery": -0.19570425539131975, "freqsx": [122.04058624577226, 122.32243517474633, 121.75873731679819, 121.47688838782412, 116.40360766629087, 122.6042841037204, 121.19503945885005, 122.88613303269447, 110.20293122886132, 110.48478015783539], "freqsy": [118.94024802705749, 122.04058624577226, 113.58511837655016, 122.88613303269447, 120.91319052987598, 102.0293122886133, 114.71251409244644, 124.01352874859074, 105.97519729425028, 101.18376550169108]}