{"upperx": 1.0196348740719259, "lowerx": -1.0185308740474284, "uppery": 0.03935000491037499, "lowery": -0.03968306626484264, "freqsx": [122.04058624577226, 122.32243517474633, 121.75873731679819, 122.88613303269447, 122.6042841037204, 121.47688838782412, 121.19503945885005, 123.16798196166853, 123.4498308906426, 124.29537767756482], "freqsy": [122.32243517474633, 113.86696730552423, 122.6042841037204, 119.78579481397969, 119.50394588500563, 124.57722660653889, 113.58511837655016, 124.29537767756482, 99.2108229988726, 121.75873731679819]}