{"upperx": 4.73907529655844, "lowerx": -4.733789569698274, "uppery": 0.20012291373859625, "lowery": -0.20059102175582666, "freqsx": [122.18468468468468, 121.90315315315316, 122.46621621621622, 121.62162162162163, 122.74774774774775, 121.3400900900901, 116.27252252252252, 123.02927927927928, 120.77702702702703, 123.31081081081082], "freqsy": [124.43693693693695, 121.90315315315316, 122.18468468468468, 122.74774774774775, 119.08783783783784, 116.55405405405406, 116.27252252252252, 117.68018018018019, 121.3400900900901, 116.83558558558559]}