{"upperx": 9.362304186914116, "lowerx": -9.354420685674995, "uppery": 0.30543267051689327, "lowery": -0.31042049010284245, "freqsx": [122.18468468468468, 121.90315315315316, 122.46621621621622, 121.62162162162163, 122.74774774774775, 121.3400900900901, 116.27252252252252, 120.77702702702703, 123.02927927927928, 123.87387387387388], "freqsy": [122.18468468468468, 120.77702702702703, 122.46621621621622, 121.90315315315316, 116.55405405405406, 121.3400900900901, 123.31081081081082, 116.27252252252252, 122.74774774774775, 120.21396396396396]}