{"upperx": 1.156434175092727, "lowerx": -1.1516249212436378, "uppery": 0.08264695748221129, "lowery": -0.08337296277750283, "freqsx": [122.04058624577226, 122.32243517474633, 121.75873731679819, 122.88613303269447, 122.6042841037204, 123.16798196166853, 121.47688838782412, 121.19503945885005, 124.57722660653889, 116.1217587373168], "freqsy": [120.6313416009019, 121.47688838782412, 120.34949267192783, 103.15670800450958, 114.43066516347237, 114.1488162344983, 111.3303269447576, 118.09470124013528, 102.87485907553551, 120.91319052987598]}