{"upperx": 2.24342180514941, "lowerx": -2.2423478243290447, "uppery": 0.3787245467538014, "lowery": -0.3750867828493938, "freqsx": [128.03598200899552, 127.73613193403298, 128.33583208395802, 127.43628185907048, 384.1079460269865, 383.808095952024, 128.63568215892053, 128.93553223388307, 127.13643178410796, 126.83658170914543], "freqsy": [128.03598200899552, 127.73613193403298, 255.7721139430285, 127.43628185907048, 256.07196401799104, 128.63568215892053, 128.33583208395802, 256.3718140929535, 371.81409295352324, 135.23238380809596]}