{"upperx": 4.916083757416345, "lowerx": -4.912962015136145, "uppery": 0.4827053864428308, "lowery": -0.48337426586658694, "freqsx": [128.03598200899552, 256.07196401799104, 127.73613193403298, 255.7721139430285, 488.1559220389805, 128.33583208395802, 487.856071964018, 360.119940029985, 127.43628185907048, 255.47226386806597], "freqsy": [256.07196401799104, 128.03598200899552, 127.73613193403298, 255.7721139430285, 128.33583208395802, 384.1079460269865, 127.43628185907048, 488.1559220389805, 128.63568215892053, 487.856071964018]}