{"upperx": 7.3481675535440445, "lowerx": -7.685355052351952, "uppery": 35.854249238967896, "lowery": -36.407814741134644, "freqsx": [128.0, 132.0, 124.0, 120.0, 136.0, 116.0, 140.0, 188.0, 160.0, 48.0], "freqsy": [132.0, 128.0, 136.0, 124.0, 140.0, 120.0, 144.0, 148.0, 116.0, 152.0]}