{"upperx": 1.842987299663946, "lowerx": -1.842190145747736, "uppery": 0.21669584757182747, "lowery": -0.21544097119476646, "freqsx": [128.03598200899552, 127.73613193403298, 128.33583208395802, 127.43628185907048, 128.63568215892053, 384.1079460269865, 128.93553223388307, 127.13643178410796, 383.808095952024, 126.83658170914543], "freqsy": [128.03598200899552, 127.73613193403298, 128.33583208395802, 127.43628185907048, 128.93553223388307, 127.13643178410796, 256.07196401799104, 395.80209895052474, 254.87256371814095, 372.1139430284858]}