{"upperx": 17.775438411161304, "lowerx": -17.750973599031568, "uppery": 2.8908709737006575, "lowery": -2.884310915833339, "freqsx": [128.03598200899552, 127.73613193403298, 128.33583208395802, 127.43628185907048, 128.63568215892053, 127.13643178410796, 128.93553223388307, 126.83658170914543, 129.23538230884557, 126.53673163418291], "freqsy": [128.03598200899552, 128.33583208395802, 127.43628185907048, 256.07196401799104, 383.808095952024, 360.119940029985, 384.1079460269865, 484.2578710644678, 133.13343328335833, 315.74212893553226]}