{"upperx": 5.127727235783823, "lowerx": -5.125732694636099, "uppery": 0.6846825754037127, "lowery": -0.6816296005854383, "freqsx": [128.03598200899552, 127.73613193403298, 128.33583208395802, 127.43628185907048, 128.63568215892053, 128.93553223388307, 127.13643178410796, 126.83658170914543, 129.23538230884557, 126.53673163418291], "freqsy": [256.07196401799104, 255.7721139430285, 488.1559220389805, 128.03598200899552, 127.73613193403298, 256.3718140929535, 487.856071964018, 128.33583208395802, 255.47226386806597, 384.1079460269865]}