{"upperx": 1.0778543290216476, "lowerx": -1.0768281880300492, "uppery": 0.093142024386907, "lowery": -0.09289087433717214, "freqsx": [128.03598200899552, 127.73613193403298, 128.33583208395802, 127.43628185907048, 128.63568215892053, 128.93553223388307, 127.13643178410796, 372.1139430284858, 371.81409295352324, 126.83658170914543], "freqsy": [255.7721139430285, 128.33583208395802, 128.03598200899552, 254.57271364317842, 256.07196401799104, 352.023988005997, 118.44077961019491, 119.34032983508246, 247.97601199400302, 484.2578710644678]}