{"upperx": 9.900193721055984, "lowerx": -10.885102242231369, "uppery": 37.55521535873413, "lowery": -41.806814670562744, "freqsx": [111.11111111111111, 148.14814814814815, 185.1851851851852, 222.22222222222223, 74.07407407407408, 444.44444444444446, 37.03703703703704, 0.0, 370.3703703703704, 296.2962962962963], "freqsy": [185.1851851851852, 148.14814814814815, 111.11111111111111, 222.22222222222223, 370.3703703703704, 296.2962962962963, 333.33333333333337, 407.4074074074074, 74.07407407407408, 444.44444444444446]}