{"upperx": 2.9555622244952247, "lowerx": -2.95505190838594, "uppery": 0.7062083582859486, "lowery": -0.702588488580659, "freqsx": [128.03598200899552, 127.73613193403298, 128.33583208395802, 383.808095952024, 384.1079460269865, 127.43628185907048, 128.63568215892053, 128.93553223388307, 127.13643178410796, 126.83658170914543], "freqsy": [128.03598200899552, 127.73613193403298, 255.7721139430285, 127.43628185907048, 254.87256371814095, 128.63568215892053, 127.13643178410796, 128.93553223388307, 256.3718140929535, 256.67166416791605]}