{"upperx": 2.09039900067728, "lowerx": -2.088612821069546, "uppery": 0.20196133194258437, "lowery": -0.20262374641606584, "freqsx": [128.03598200899552, 256.07196401799104, 127.73613193403298, 255.7721139430285, 128.33583208395802, 127.43628185907048, 383.808095952024, 256.3718140929535, 384.1079460269865, 128.63568215892053], "freqsy": [127.73613193403298, 128.03598200899552, 128.33583208395802, 384.1079460269865, 499.5502248875562, 255.7721139430285, 383.808095952024, 256.3718140929535, 128.63568215892053, 383.5082458770615]}