{"upperx": 0.04030572769988794, "lowerx": -0.04021727705548983, "uppery": 0.019232472788189625, "lowery": -0.019219826523567463, "freqsx": [84.8575712143928, 84.55772113943029, 99.55022488755623, 64.76761619190405, 118.74062968515743, 124.43778110944528, 61.76911544227886, 75.26236881559221, 91.45427286356822, 62.3688155922039], "freqsy": [100.7496251874063, 147.2263868065967, 103.74812593703149, 83.0584707646177, 124.43778110944528, 125.03748125937032, 58.17091454272864, 92.35382308845577, 90.85457271364318, 56.97151424287856]}