{"upperx": 0.019069621790549718, "lowerx": -0.018982891473569907, "uppery": 0.01202030359308992, "lowery": -0.012009313604721683, "freqsx": [74.36281859070465, 84.55772113943029, 80.65967016491754, 93.85307346326837, 145.12743628185908, 64.76761619190405, 95.35232383808096, 136.1319340329835, 26.086956521739133, 126.83658170914543], "freqsy": [106.44677661169416, 85.15742128935533, 131.93403298350825, 483.35832083958024, 44.677661169415295, 26.986506746626688, 120.23988005997002, 451.8740629685158, 107.34632683658171, 491.45427286356824]}