{"upperx": 0.022114957755547948, "lowerx": -0.02198062550451141, "uppery": 0.019891173418727703, "lowery": -0.020023346107336693, "freqsx": [23.388305847076463, 22.488755622188908, 22.788605697151425, 23.68815592203898, 24.58770614692654, 23.9880059970015, 71.9640179910045, 41.97901049475263, 107.04647676161919, 24.887556221889056], "freqsy": [26.68665667166417, 53.673163418290855, 25.187406296851574, 19.1904047976012, 22.488755622188908, 98.95052473763118, 22.788605697151425, 61.76911544227886, 24.28785607196402, 56.97151424287856]}