{"upperx": 0.10043540789047256, "lowerx": -0.10075820790370926, "uppery": 0.0979913820483489, "lowery": -0.09768980248190928, "freqsx": [110.64467766116942, 60.56971514242879, 101.04947526236882, 137.3313343328336, 98.95052473763118, 89.65517241379311, 104.34782608695653, 121.13943028485758, 59.070464767616194, 90.85457271364318], "freqsy": [64.46776611694153, 67.1664167916042, 76.16191904047976, 75.86206896551724, 76.46176911544228, 101.64917541229386, 91.75412293853074, 85.45727136431785, 84.8575712143928, 113.34332833583208]}