{"upperx": 0.045697229470533784, "lowerx": -0.045899057273345534, "uppery": 0.04037498015895835, "lowery": -0.04029840711518773, "freqsx": [89.65517241379311, 36.8815592203898, 101.04947526236882, 499.5502248875562, 137.3313343328336, 131.0344827586207, 90.85457271364318, 92.65367316341829, 120.83958020989506, 60.56971514242879], "freqsy": [85.45727136431785, 76.16191904047976, 91.75412293853074, 96.25187406296853, 67.1664167916042, 88.45577211394303, 115.44227886056971, 75.86206896551724, 76.46176911544228, 102.84857571214393]}