{"upperx": 0.020794080461200792, "lowerx": -0.020687676144007128, "uppery": 0.01738542983366642, "lowery": -0.017415595109923743, "freqsx": [247.97601199400302, 499.5502248875562, 101.04947526236882, 89.65517241379311, 137.3313343328336, 60.56971514242879, 98.95052473763118, 92.65367316341829, 122.63868065967017, 497.1514242878561], "freqsy": [96.25187406296853, 123.23838080959521, 76.16191904047976, 99.55022488755623, 91.75412293853074, 88.45577211394303, 85.45727136431785, 75.86206896551724, 67.1664167916042, 64.46776611694153]}