{"upperx": 0.07531251333421096, "lowerx": -0.0749372249119915, "uppery": 0.09030092196189798, "lowery": -0.09052997766411863, "freqsx": [26.68665667166417, 25.187406296851574, 53.673163418290855, 22.788605697151425, 22.488755622188908, 30.88455772113943, 23.388305847076463, 24.887556221889056, 17.691154422788607, 24.58770614692654], "freqsy": [26.68665667166417, 53.673163418290855, 53.37331334332834, 53.973013493253376, 25.187406296851574, 53.07346326836582, 27.586206896551726, 58.77061469265367, 105.5472263868066, 62.06896551724138]}