{"upperx": 0.019031694067962235, "lowerx": -0.018974319191329414, "uppery": 0.011470289831777336, "lowery": -0.011543010430614231, "freqsx": [22.788605697151425, 23.388305847076463, 21.88905547226387, 22.488755622188908, 17.991004497751124, 25.187406296851574, 18.590704647676162, 30.584707646176913, 23.9880059970015, 30.88455772113943], "freqsy": [26.68665667166417, 32.98350824587706, 61.469265367316346, 56.97151424287856, 22.788605697151425, 66.86656671664169, 25.187406296851574, 112.44377811094454, 34.78260869565217, 48.87556221889056]}