{"upperx": 0.028191539604449645, "lowerx": -0.028067492734408006, "uppery": 0.05949361185048474, "lowery": -0.05945185264135944, "freqsx": [114.84257871064469, 63.56821589205398, 59.97001499250375, 134.93253373313343, 20.689655172413794, 102.2488755622189, 23.388305847076463, 79.46026986506747, 95.952023988006, 499.5502248875562], "freqsy": [95.05247376311844, 76.7616191904048, 79.46026986506747, 78.26086956521739, 98.05097451274364, 104.94752623688156, 59.370314842578715, 127.13643178410796, 156.82158920539732, 81.25937031484258]}