{"upperx": 0.1724822830146877, "lowerx": -0.17278087029990274, "uppery": 0.13764362104120664, "lowery": -0.13757668368634768, "freqsx": [86.95652173913044, 89.05547226386807, 95.35232383808096, 92.65367316341829, 93.25337331334333, 82.75862068965517, 91.45427286356822, 106.14692653673164, 86.65667166416792, 104.94752623688156], "freqsy": [99.2503748125937, 96.25187406296853, 88.45577211394303, 62.06896551724138, 91.75412293853074, 102.2488755622189, 93.85307346326837, 72.26386806596702, 107.04647676161919, 109.14542728635682]}