{"upperx": 3.8061901880428195, "lowerx": -3.814090077765286, "uppery": 0.2249916810542345, "lowery": -0.21635606698691845, "freqsx": [31.848928974069896, 32.13077790304396, 31.567080045095828, 32.412626832018034, 95.82863585118376, 31.285231116121757, 32.694475760992106, 32.97632468996618, 31.003382187147686, 30.72153325817362], "freqsy": [95.82863585118376, 92.728297632469, 63.134160090191656, 31.848928974069896, 96.11048478015783, 95.54678692220969, 95.26493799323562, 96.67418263810598, 93.29199549041714, 96.3923337091319]}