{"upperx": 10.228050544392318, "lowerx": -10.243620083201677, "uppery": 0.4468944718464627, "lowery": -0.4471240589991794, "freqsx": [31.848928974069896, 32.13077790304396, 31.567080045095828, 32.412626832018034, 31.285231116121757, 32.694475760992106, 122.04058624577226, 32.97632468996618, 31.003382187147686, 58.0608793686584], "freqsy": [31.848928974069896, 122.04058624577226, 32.13077790304396, 58.0608793686584, 122.6042841037204, 31.003382187147686, 32.97632468996618, 122.32243517474633, 31.285231116121757, 31.567080045095828]}