{"upperx": 5.430949987843633, "lowerx": -5.439906535670161, "uppery": 0.166843140614219, "lowery": -0.16557234327774495, "freqsx": [31.848928974069896, 32.13077790304396, 63.97970687711386, 31.567080045095828, 32.412626832018034, 122.04058624577226, 32.694475760992106, 31.285231116121757, 95.82863585118376, 122.32243517474633], "freqsy": [63.97970687711386, 31.848928974069896, 32.13077790304396, 31.003382187147686, 32.97632468996618, 31.285231116121757, 66.23449830890642, 64.543404735062, 31.567080045095828, 32.694475760992106]}