{"upperx": 18.194915148589644, "lowerx": -18.19471898379561, "uppery": 0.6358863511122763, "lowery": -0.627349694725126, "freqsx": [32.0945945945946, 31.813063063063066, 32.376126126126124, 31.531531531531535, 31.25, 32.65765765765766, 32.93918918918919, 30.96846846846847, 30.686936936936938, 33.22072072072072], "freqsy": [63.90765765765766, 96.00225225225226, 122.18468468468468, 32.0945945945946, 31.813063063063066, 95.72072072072072, 57.9954954954955, 58.27702702702703, 121.90315315315316, 101.63288288288288]}