{"upperx": 3.360160811804235, "lowerx": -3.3656706968322396, "uppery": 0.17780284606851637, "lowery": -0.17173530138097703, "freqsx": [31.848928974069896, 32.13077790304396, 31.567080045095828, 32.412626832018034, 32.694475760992106, 31.285231116121757, 95.82863585118376, 32.97632468996618, 31.003382187147686, 30.72153325817362], "freqsy": [95.82863585118376, 63.97970687711386, 90.19165727170235, 31.567080045095828, 32.412626832018034, 95.54678692220969, 32.13077790304396, 96.11048478015783, 31.848928974069896, 60.879368658399095]}