{"upperx": 20.103799840435386, "lowerx": -20.135120371356606, "uppery": 0.7009137930217548, "lowery": -0.7011520503219799, "freqsx": [31.848928974069896, 32.13077790304396, 31.567080045095828, 32.412626832018034, 31.285231116121757, 32.694475760992106, 32.97632468996618, 31.003382187147686, 33.25817361894025, 30.72153325817362], "freqsy": [31.848928974069896, 32.13077790304396, 90.19165727170235, 95.82863585118376, 31.003382187147686, 31.567080045095828, 32.97632468996618, 32.412626832018034, 96.3923337091319, 101.74746335963923]}