{"upperx": 3.7016801921417937, "lowerx": -3.703085652203299, "uppery": 0.971954679582268, "lowery": -0.9579442380927503, "freqsx": [31.848928974069896, 32.13077790304396, 31.567080045095828, 32.412626832018034, 95.82863585118376, 31.285231116121757, 32.694475760992106, 32.97632468996618, 31.003382187147686, 96.11048478015783], "freqsy": [31.848928974069896, 32.13077790304396, 63.97970687711386, 31.567080045095828, 32.412626832018034, 32.694475760992106, 63.69785794813979, 95.82863585118376, 31.285231116121757, 122.04058624577226]}