{"upperx": 43.267534494400024, "lowerx": -42.540666341781616, "uppery": 25.66349969804287, "lowery": -25.44009794294834, "freqsx": [25.793650793650794, 37.698412698412696, 29.761904761904763, 27.77777777777778, 33.730158730158735, 19.841269841269842, 11.904761904761905, 5.9523809523809526, 9.920634920634921, 63.492063492063494], "freqsy": [67.46031746031747, 65.47619047619048, 27.77777777777778, 31.746031746031747, 69.44444444444444, 75.39682539682539, 33.730158730158735, 25.793650793650794, 63.492063492063494, 29.761904761904763]}