{"upperx": 2.1237735169706866, "lowerx": -2.1268622261704877, "uppery": 0.03859610419749515, "lowery": -0.03849715430260403, "freqsx": [31.848928974069896, 32.13077790304396, 31.567080045095828, 32.412626832018034, 31.285231116121757, 32.694475760992106, 32.97632468996618, 31.003382187147686, 30.72153325817362, 33.25817361894025], "freqsy": [95.82863585118376, 90.19165727170235, 26.2119503945885, 94.98308906426155, 85.1183765501691, 83.70913190529875, 85.40022547914317, 64.82525366403607, 93.29199549041714, 90.47350620067643]}