{"upperx": 10.394523627124727, "lowerx": -10.390486233867705, "uppery": 0.600616849726066, "lowery": -0.5935151206795126, "freqsx": [32.0945945945946, 31.813063063063066, 32.376126126126124, 31.531531531531535, 32.65765765765766, 31.25, 32.93918918918919, 30.96846846846847, 30.686936936936938, 63.90765765765766], "freqsy": [63.90765765765766, 122.18468468468468, 64.1891891891892, 32.0945945945946, 31.813063063063066, 90.09009009009009, 121.90315315315316, 61.09234234234234, 96.28378378378379, 96.00225225225226]}