{"upperx": 0.038210909347981215, "lowerx": -0.03775584930554032, "uppery": 0.5084460219004541, "lowery": -0.5086019495865912, "freqsx": [33.87376954255935, 39.664157498552406, 52.11349160393746, 41.11175448755067, 68.61609727851766, 54.140127388535035, 67.7475390851187, 56.1667631731326, 69.19513607411696, 71.22177185871453], "freqsy": [33.87376954255935, 67.7475390851187, 43.42790966994789, 45.45454545454545, 101.62130862767806, 135.4950781702374, 24.319629415170816, 35.90040532715692, 77.88071800810654, 248.98668210770123]}