{"upperx": 2.3433009434957057, "lowerx": -2.33753144252114, "uppery": 0.608205316006206, "lowery": -0.6044067168841138, "freqsx": [33.87376954255935, 101.62130862767806, 135.4950781702374, 203.24261725535612, 216.27099015634047, 67.7475390851187, 215.98147075854084, 33.5842501447597, 227.56224667052692, 182.10770121598148], "freqsy": [33.87376954255935, 92.06716850028953, 90.04053271569195, 215.98147075854084, 43.42790966994789, 24.319629415170816, 216.56050955414014, 90.3300521134916, 200.34742327735958, 88.01389693109438]}