{"upperx": 0.037628361547831446, "lowerx": -0.03651697043096647, "uppery": 0.37628155550919473, "lowery": -0.3764039615634829, "freqsx": [33.87376954255935, 36.47944412275623, 34.74232773595831, 31.26809496236248, 33.00521134916039, 37.05848291835553, 31.847133757961785, 49.797336421540244, 24.60914881297047, 31.55761436016213], "freqsy": [33.87376954255935, 67.7475390851187, 101.62130862767806, 135.4950781702374, 92.06716850028953, 43.42790966994789, 90.04053271569195, 58.19339895773017, 45.45454545454545, 24.319629415170816]}