{"upperx": 0.1852008915739134, "lowerx": -0.18413502059411258, "uppery": 1.2102202952082735, "lowery": -1.2107916295353789, "freqsx": [33.87376954255935, 63.98378691372322, 127.96757382744644, 101.62130862767806, 125.94093804284887, 131.73132599884192, 31.847133757961785, 67.7475390851187, 16.79212507237985, 95.830920671685], "freqsy": [33.87376954255935, 92.06716850028953, 90.04053271569195, 67.7475390851187, 101.62130862767806, 135.4950781702374, 215.98147075854084, 216.27099015634047, 45.45454545454545, 43.42790966994789]}