{"upperx": 0.013352835376281291, "lowerx": -0.013030448171775788, "uppery": 0.1475174323968531, "lowery": -0.14763602154926048, "freqsx": [33.87376954255935, 67.7475390851187, 34.163288940359, 31.55761436016213, 59.06195715112913, 56.1667631731326, 34.74232773595831, 43.71742906774754, 36.76896352055588, 35.321366531557615], "freqsy": [33.87376954255935, 101.62130862767806, 43.42790966994789, 135.4950781702374, 92.06716850028953, 125.94093804284887, 90.04053271569195, 67.7475390851187, 45.45454545454545, 24.319629415170816]}