{"upperx": 0.026827745139598846, "lowerx": -0.02606821618974209, "uppery": 0.2743424354439128, "lowery": -0.27434315994926806, "freqsx": [67.7475390851187, 35.321366531557615, 35.610885929357266, 34.74232773595831, 59.06195715112913, 24.60914881297047, 46.90214244354372, 40.53271569195136, 32.13665315576144, 50.955414012738856], "freqsy": [33.87376954255935, 67.7475390851187, 135.4950781702374, 101.62130862767806, 92.06716850028953, 43.42790966994789, 90.04053271569195, 45.45454545454545, 58.19339895773017, 24.319629415170816]}