{"upperx": 0.020527440661680885, "lowerx": -0.020290863161790185, "uppery": 0.21299390878266422, "lowery": -0.21313038084917935, "freqsx": [67.7475390851187, 123.9143022582513, 249.56572090330053, 38.21656050955414, 125.94093804284887, 33.87376954255935, 123.62478286045165, 79.32831499710481, 135.4950781702374, 41.11175448755067], "freqsy": [33.87376954255935, 90.04053271569195, 92.06716850028953, 67.7475390851187, 43.42790966994789, 69.19513607411696, 215.98147075854084, 58.48291835552982, 123.9143022582513, 45.45454545454545]}