{"upperx": 0.13638986181467772, "lowerx": -0.13482192624360323, "uppery": 1.5439005298394477, "lowery": -1.5442504482489312, "freqsx": [33.87376954255935, 67.7475390851187, 43.42790966994789, 49.21829762594094, 50.37637521713955, 41.98031268094962, 38.21656050955414, 41.11175448755067, 101.62130862767806, 54.71916618413434], "freqsy": [33.87376954255935, 101.62130862767806, 43.42790966994789, 67.7475390851187, 45.45454545454545, 135.4950781702374, 24.319629415170816, 248.98668210770123, 240.5906195715113, 245.51244933410538]}