{"upperx": 0.07170012046117336, "lowerx": -0.06883436616044492, "uppery": 0.5939845755929127, "lowery": -0.5950474425917491, "freqsx": [33.87376954255935, 67.7475390851187, 31.55761436016213, 24.60914881297047, 0.0, 41.11175448755067, 47.19166184134337, 34.163288940359, 36.47944412275623, 26.635784597568037], "freqsy": [33.87376954255935, 101.62130862767806, 43.42790966994789, 92.06716850028953, 90.04053271569195, 67.7475390851187, 135.4950781702374, 45.45454545454545, 58.19339895773017, 24.319629415170816]}