{"upperx": 1.4045807088259608, "lowerx": -1.4004997645970434, "uppery": 0.3589847465627827, "lowery": -0.3583697298890911, "freqsx": [33.87376954255935, 67.7475390851187, 135.4950781702374, 216.27099015634047, 101.62130862767806, 169.36884771279676, 215.98147075854084, 127.38853503184714, 237.11638679791545, 203.24261725535612], "freqsy": [33.87376954255935, 90.04053271569195, 101.62130862767806, 92.06716850028953, 67.7475390851187, 216.27099015634047, 215.98147075854084, 240.011580775912, 215.69195136074117, 88.01389693109438]}