{"upperx": 3.0500044048239943, "lowerx": -3.050241547782207, "uppery": 0.3463699191343039, "lowery": -0.34039821033366024, "freqsx": [63.98378691372322, 64.27330631152287, 63.69426751592357, 64.56282570932252, 192.24088013896932, 63.40474811812391, 191.95136074116965, 64.85234510712218, 65.14186450492183, 63.11522872032426], "freqsy": [127.96757382744644, 128.25709322524608, 127.67805442964679, 63.98378691372322, 128.54661262304575, 129.12565141864505, 126.80949623624782, 127.09901563404748, 125.36189924724957, 122.46670526925304]}