{"upperx": 15.50951864128001, "lowerx": -15.507320386124775, "uppery": 0.5584330689016497, "lowery": -0.5587714482244337, "freqsx": [63.98378691372322, 64.27330631152287, 63.69426751592357, 64.56282570932252, 63.40474811812391, 64.85234510712218, 63.11522872032426, 65.14186450492183, 65.43138390272148, 62.82570932252461], "freqsy": [63.98378691372322, 127.96757382744644, 128.25709322524608, 191.95136074116965, 127.67805442964679, 63.69426751592357, 192.24088013896932, 246.670526925304, 172.55356108859294, 177.18587145338736]}