{"upperx": 1.6160351569851628, "lowerx": -1.616225189427496, "uppery": 0.08801117690745741, "lowery": -0.08764853549655527, "freqsx": [63.98378691372322, 64.27330631152287, 63.69426751592357, 64.56282570932252, 63.40474811812391, 64.85234510712218, 63.11522872032426, 65.14186450492183, 65.43138390272148, 62.82570932252461], "freqsy": [63.98378691372322, 179.79154603358424, 237.69542559351476, 61.95715112912565, 192.24088013896932, 191.95136074116965, 64.27330631152287, 63.11522872032426, 68.03705848291835, 63.69426751592357]}