{"upperx": 4.757369945553364, "lowerx": -4.756717254611431, "uppery": 0.25068695002119057, "lowery": -0.2497747624584008, "freqsx": [63.98378691372322, 64.27330631152287, 63.69426751592357, 64.56282570932252, 192.24088013896932, 63.40474811812391, 64.85234510712218, 127.96757382744644, 191.95136074116965, 63.11522872032426], "freqsy": [63.98378691372322, 127.96757382744644, 64.27330631152287, 128.25709322524608, 192.24088013896932, 248.11812391430226, 243.77533294730748, 61.95715112912565, 203.82165605095543, 229.5888824551245]}