{"upperx": 7.964734591572778, "lowerx": -7.96533819285105, "uppery": 0.5863376290071756, "lowery": -0.5798173814546317, "freqsx": [63.98378691372322, 64.27330631152287, 63.69426751592357, 64.56282570932252, 63.40474811812391, 64.85234510712218, 63.11522872032426, 65.14186450492183, 65.43138390272148, 62.82570932252461], "freqsy": [127.96757382744644, 128.25709322524608, 63.98378691372322, 243.77533294730748, 64.27330631152287, 244.0648523451071, 128.54661262304575, 127.38853503184714, 191.95136074116965, 127.67805442964679]}