{"upperx": 3.5398353934288025, "lowerx": -3.5445430874824524, "uppery": 0.6590076813008636, "lowery": -0.6519272497389466, "freqsx": [63.98378691372322, 64.27330631152287, 192.24088013896932, 63.69426751592357, 191.95136074116965, 64.56282570932252, 63.40474811812391, 64.85234510712218, 65.14186450492183, 192.53039953676895], "freqsy": [127.96757382744644, 128.25709322524608, 127.67805442964679, 128.54661262304575, 63.98378691372322, 127.09901563404748, 243.77533294730748, 63.11522872032426, 129.12565141864505, 127.38853503184714]}