{"upperx": 2.596640648349421, "lowerx": -2.5960466246760916, "uppery": 0.2418626481667161, "lowery": -0.23742047604173422, "freqsx": [63.98378691372322, 64.27330631152287, 63.69426751592357, 64.56282570932252, 192.24088013896932, 63.40474811812391, 64.85234510712218, 191.95136074116965, 65.14186450492183, 63.11522872032426], "freqsy": [127.96757382744644, 128.25709322524608, 63.98378691372322, 127.09901563404748, 127.67805442964679, 129.41517081644471, 128.54661262304575, 65.72090330052113, 130.28372900984365, 129.12565141864505]}