{"upperx": 7.794834214961156, "lowerx": -7.793862741673365, "uppery": 0.2714633007417433, "lowery": -0.27078673645155504, "freqsx": [63.98378691372322, 64.27330631152287, 63.69426751592357, 64.56282570932252, 63.40474811812391, 64.85234510712218, 63.11522872032426, 65.14186450492183, 65.43138390272148, 62.82570932252461], "freqsy": [127.96757382744644, 128.25709322524608, 192.24088013896932, 243.77533294730748, 179.79154603358424, 64.27330631152287, 62.24667052692531, 63.69426751592357, 244.0648523451071, 237.11638679791545]}