{"upperx": 14.197829554672353, "lowerx": -14.19969432533253, "uppery": 0.8945031429175287, "lowery": -0.8867405985947698, "freqsx": [63.98378691372322, 64.27330631152287, 63.69426751592357, 64.56282570932252, 63.40474811812391, 64.85234510712218, 63.11522872032426, 65.14186450492183, 65.43138390272148, 127.96757382744644], "freqsy": [127.96757382744644, 243.77533294730748, 63.98378691372322, 128.25709322524608, 192.24088013896932, 64.27330631152287, 191.95136074116965, 244.0648523451071, 179.79154603358424, 115.80775911986103]}