{"upperx": 29.393701422959566, "lowerx": -29.38939107581973, "uppery": 1.701578559819609, "lowery": -1.696367201860994, "freqsx": [63.98378691372322, 64.27330631152287, 63.69426751592357, 63.40474811812391, 64.56282570932252, 64.85234510712218, 63.11522872032426, 65.14186450492183, 65.43138390272148, 65.72090330052113], "freqsy": [63.98378691372322, 127.96757382744644, 128.25709322524608, 64.27330631152287, 115.80775911986103, 192.24088013896932, 179.79154603358424, 64.56282570932252, 128.54661262304575, 65.14186450492183]}