{"upperx": 0.5470654227101477, "lowerx": -0.5467320821917383, "uppery": 1.6744543751701713, "lowery": -1.6790275136008859, "freqsx": [67.75510204081634, 101.4965986394558, 67.48299319727892, 55.782312925170075, 57.142857142857146, 33.74149659863946, 56.3265306122449, 55.51020408163266, 56.054421768707485, 59.863945578231295], "freqsy": [33.74149659863946, 34.013605442176875, 86.25850340136056, 33.46938775510204, 34.28571428571429, 85.98639455782313, 67.75510204081634, 51.15646258503402, 59.31972789115647, 60.40816326530613]}