{"upperx": 0.30193039757432416, "lowerx": -0.3005234749871306, "uppery": 0.8336406830931082, "lowery": -0.8357772942399606, "freqsx": [55.51020408163266, 56.3265306122449, 28.571428571428573, 60.13605442176871, 27.482993197278915, 55.782312925170075, 60.40816326530613, 59.591836734693885, 28.027210884353742, 60.952380952380956], "freqsy": [33.74149659863946, 34.013605442176875, 86.25850340136056, 33.46938775510204, 55.51020408163266, 51.15646258503402, 55.782312925170075, 58.77551020408164, 59.31972789115647, 85.98639455782313]}