{"upperx": 2.747065943432972, "lowerx": -2.7414922297466546, "uppery": 0.9301661307690665, "lowery": -0.9306902234675363, "freqsx": [33.74149659863946, 34.013605442176875, 67.75510204081634, 33.46938775510204, 34.28571428571429, 67.48299319727892, 101.4965986394558, 104.76190476190477, 33.19727891156463, 34.5578231292517], "freqsy": [33.74149659863946, 86.25850340136056, 34.013605442176875, 33.46938775510204, 51.972789115646265, 53.60544217687075, 59.863945578231295, 57.95918367346939, 60.13605442176871, 54.421768707483]}