{"upperx": 14.547149551101029, "lowerx": -14.558171379379928, "uppery": 4.075660866685212, "lowery": -4.0948248682543635, "freqsx": [33.74149659863946, 34.013605442176875, 33.46938775510204, 34.28571428571429, 34.5578231292517, 33.19727891156463, 32.925170068027214, 34.82993197278912, 35.102040816326536, 32.6530612244898], "freqsy": [33.74149659863946, 34.013605442176875, 86.25850340136056, 33.46938775510204, 59.863945578231295, 60.40816326530613, 59.31972789115647, 61.22448979591837, 59.04761904761905, 60.680272108843546]}