{"upperx": 0.12170564287953312, "lowerx": -0.12158267295308178, "uppery": 0.3511800735723227, "lowery": -0.3523730963934213, "freqsx": [27.482993197278915, 28.571428571428573, 56.3265306122449, 55.51020408163266, 60.13605442176871, 28.027210884353742, 56.054421768707485, 45.17006802721089, 55.782312925170075, 55.23809523809524], "freqsy": [33.74149659863946, 34.013605442176875, 86.25850340136056, 33.46938775510204, 58.77551020408164, 51.15646258503402, 55.51020408163266, 55.782312925170075, 59.31972789115647, 41.08843537414966]}