{"upperx": 0.5167306291405112, "lowerx": -0.5127217543777078, "uppery": 1.206569220928941, "lowery": -1.2083102799369954, "freqsx": [28.571428571428573, 55.51020408163266, 27.482993197278915, 56.3265306122449, 60.13605442176871, 55.782312925170075, 28.027210884353742, 60.40816326530613, 61.22448979591837, 60.952380952380956], "freqsy": [33.74149659863946, 34.013605442176875, 86.25850340136056, 33.46938775510204, 51.15646258503402, 55.51020408163266, 55.782312925170075, 56.3265306122449, 32.38095238095239, 58.77551020408164]}