{"upperx": 0.3603250744345132, "lowerx": -0.3595026222465094, "uppery": 0.8315226351842284, "lowery": -0.8339585745707154, "freqsx": [27.482993197278915, 28.571428571428573, 28.29931972789116, 27.75510204081633, 27.2108843537415, 28.027210884353742, 23.401360544217688, 23.129251700680275, 23.94557823129252, 23.673469387755105], "freqsy": [33.74149659863946, 34.013605442176875, 86.25850340136056, 58.77551020408164, 33.46938775510204, 59.04761904761905, 60.40816326530613, 59.591836734693885, 60.13605442176871, 59.31972789115647]}