{"upperx": 0.21902136743301526, "lowerx": -0.21778128802543506, "uppery": 0.6171020141919143, "lowery": -0.6185535021941178, "freqsx": [28.571428571428573, 56.3265306122449, 55.51020408163266, 55.782312925170075, 60.13605442176871, 57.142857142857146, 56.59863945578232, 60.952380952380956, 56.054421768707485, 27.482993197278915], "freqsy": [33.74149659863946, 34.013605442176875, 86.25850340136056, 33.46938775510204, 55.51020408163266, 55.782312925170075, 51.15646258503402, 58.77551020408164, 56.3265306122449, 55.23809523809524]}