{"upperx": 6.860582956112921, "lowerx": -6.862785688601434, "uppery": 1.7588713858276606, "lowery": -1.7700984980911016, "freqsx": [33.74149659863946, 34.013605442176875, 33.46938775510204, 34.28571428571429, 33.19727891156463, 34.5578231292517, 32.925170068027214, 34.82993197278912, 35.102040816326536, 32.6530612244898], "freqsy": [33.74149659863946, 34.013605442176875, 86.25850340136056, 33.46938775510204, 59.863945578231295, 57.95918367346939, 59.31972789115647, 60.13605442176871, 60.680272108843546, 59.04761904761905]}