{"upperx": 8.513771777041256, "lowerx": -8.49406551849097, "uppery": 4.040483385557309, "lowery": -4.045833199983463, "freqsx": [33.74149659863946, 34.013605442176875, 33.46938775510204, 34.28571428571429, 101.4965986394558, 33.19727891156463, 34.5578231292517, 32.925170068027214, 32.6530612244898, 35.102040816326536], "freqsy": [33.74149659863946, 34.013605442176875, 86.25850340136056, 33.46938775510204, 34.28571428571429, 55.782312925170075, 67.75510204081634, 50.884353741496604, 53.60544217687075, 60.13605442176871]}