{"upperx": 0.19560055673355237, "lowerx": -0.19392016291385517, "uppery": 0.5579917470458895, "lowery": -0.5567648073192686, "freqsx": [53.45579793340988, 26.72789896670494, 66.68197474167624, 55.10907003444318, 54.83352468427096, 53.7313432835821, 50.975889781859934, 66.95752009184845, 26.452353616532726, 56.21125143513204], "freqsy": [50.4247990815155, 50.975889781859934, 50.70034443168772, 52.0780711825488, 51.526980482204365, 51.25143513203215, 50.149253731343286, 49.87370838117107, 51.80252583237658, 52.62916188289323]}