{"upperx": 0.3889566408470273, "lowerx": -0.38520371448248625, "uppery": 1.4369000180158764, "lowery": -1.4337876455392689, "freqsx": [53.45579793340988, 66.68197474167624, 26.176808266360506, 25.074626865671643, 26.452353616532726, 25.35017221584386, 55.10907003444318, 27.003444316877157, 25.625717566016075, 25.90126291618829], "freqsy": [51.25143513203215, 50.70034443168772, 51.526980482204365, 50.975889781859934, 51.80252583237658, 50.4247990815155, 52.0780711825488, 52.62916188289323, 52.90470723306545, 50.149253731343286]}