{"upperx": 0.5569929390912876, "lowerx": -0.5553265601629391, "uppery": 1.131908607436344, "lowery": -1.1305341601837426, "freqsx": [26.72789896670494, 66.68197474167624, 26.176808266360506, 53.45579793340988, 26.452353616532726, 24.799081515499427, 25.074626865671643, 27.003444316877157, 23.696900114810564, 23.97244546498278], "freqsy": [63.65097588978187, 63.926521239954084, 64.75315729047072, 64.2020665901263, 64.47761194029852, 63.09988518943744, 65.02870264064295, 63.37543053960965, 65.30424799081516, 62.82433983926522]}