{"upperx": 0.8064692746847868, "lowerx": -0.7982221711426973, "uppery": 2.792275950079784, "lowery": -2.7848673614207655, "freqsx": [53.45579793340988, 55.10907003444318, 26.176808266360506, 54.83352468427096, 66.68197474167624, 26.452353616532726, 26.72789896670494, 24.799081515499427, 50.975889781859934, 55.384615384615394], "freqsy": [52.0780711825488, 51.25143513203215, 52.62916188289323, 51.80252583237658, 52.35361653272101, 50.70034443168772, 51.526980482204365, 50.975889781859934, 52.90470723306545, 53.7313432835821]}