{"upperx": 0.41303320263978094, "lowerx": -0.41186954046133906, "uppery": 0.648123255581595, "lowery": -0.6473476676037535, "freqsx": [25.625717566016075, 25.90126291618829, 25.35017221584386, 26.452353616532726, 26.176808266360506, 26.72789896670494, 25.074626865671643, 27.003444316877157, 24.799081515499427, 27.278989667049373], "freqsy": [63.65097588978187, 63.37543053960965, 63.926521239954084, 64.2020665901263, 63.09988518943744, 62.82433983926522, 64.75315729047072, 64.47761194029852, 62.27324913892079, 65.30424799081516]}