{"upperx": 0.0964025697321631, "lowerx": -0.09544506756355986, "uppery": 0.2859148732677568, "lowery": -0.28538433692301624, "freqsx": [53.45579793340988, 26.72789896670494, 66.68197474167624, 55.10907003444318, 54.83352468427096, 53.7313432835821, 50.975889781859934, 26.452353616532726, 54.28243398392653, 26.176808266360506], "freqsy": [50.4247990815155, 50.975889781859934, 50.70034443168772, 51.25143513203215, 52.0780711825488, 49.87370838117107, 50.149253731343286, 51.526980482204365, 52.90470723306545, 52.62916188289323]}