{"upperx": 0.23340492811985314, "lowerx": -0.23125412198714912, "uppery": 0.8081206287606619, "lowery": -0.806730309559498, "freqsx": [53.45579793340988, 25.074626865671643, 26.176808266360506, 55.10907003444318, 53.7313432835821, 25.90126291618829, 25.35017221584386, 26.452353616532726, 25.625717566016075, 24.799081515499427], "freqsy": [51.25143513203215, 50.70034443168772, 50.975889781859934, 52.0780711825488, 51.526980482204365, 50.149253731343286, 51.80252583237658, 50.4247990815155, 52.62916188289323, 52.35361653272101]}