{"upperx": 0.27577394258696586, "lowerx": -0.2737220822600648, "uppery": 0.7196754929609597, "lowery": -0.7180563095025718, "freqsx": [53.45579793340988, 26.72789896670494, 66.68197474167624, 55.10907003444318, 54.83352468427096, 53.7313432835821, 26.452353616532726, 66.95752009184845, 50.975889781859934, 54.55797933409875], "freqsy": [50.975889781859934, 50.4247990815155, 50.70034443168772, 52.0780711825488, 51.25143513203215, 49.87370838117107, 50.149253731343286, 51.526980482204365, 51.80252583237658, 53.7313432835821]}