{"upperx": 0.4566632129717618, "lowerx": -0.4538369558285922, "uppery": 1.000731659354642, "lowery": -0.99748187023215, "freqsx": [53.45579793340988, 26.72789896670494, 66.68197474167624, 55.10907003444318, 54.83352468427096, 53.7313432835821, 26.452353616532726, 24.799081515499427, 26.176808266360506, 25.074626865671643], "freqsy": [50.4247990815155, 52.0780711825488, 50.975889781859934, 50.70034443168772, 51.25143513203215, 50.149253731343286, 49.87370838117107, 53.7313432835821, 52.62916188289323, 53.18025258323767]}