{"upperx": 1.2262928338022903, "lowerx": -1.2228982000378892, "uppery": 2.490793112432584, "lowery": -2.4886975253466517, "freqsx": [26.72789896670494, 66.68197474167624, 53.45579793340988, 26.176808266360506, 26.452353616532726, 25.074626865671643, 24.799081515499427, 23.696900114810564, 27.003444316877157, 25.90126291618829], "freqsy": [64.47761194029852, 64.75315729047072, 64.2020665901263, 63.926521239954084, 63.65097588978187, 65.02870264064295, 63.09988518943744, 65.30424799081516, 63.37543053960965, 65.57979334098738]}