{"upperx": 0.04866550226142863, "lowerx": -0.04845267053315183, "uppery": 0.02802633837563917, "lowery": -0.027551440813113004, "freqsx": [28.466741826381057, 22.26606538895152, 15.501691093573843, 12.401352874859075, 13.528748590755354, 21.98421645997745, 9.301014656144305, 25.36640360766629, 12.965050732807214, 8.737316798196167], "freqsy": [4.791431792559188, 5.073280721533258, 3.100338218714769, 19.72942502818489, 14.656144306651633, 17.7564825253664, 2.536640360766629, 29.594137542277338, 5.355129650507328, 31.003382187147686]}