{"upperx": 0.02051315784774488, "lowerx": -0.020273833979445044, "uppery": 0.015371489702374674, "lowery": -0.014993787379353307, "freqsx": [121.47688838782412, 7.328072153325817, 3.6640360766629083, 15.501691093573843, 23.3934611048478, 18.883878241262682, 3.9458850056369785, 44.25028184892897, 29.594137542277338, 46.22322435174746], "freqsy": [3.6640360766629083, 27.33934611048478, 92.728297632469, 61.7249154453213, 23.95715896279594, 90.7553551296505, 1.6910935738444193, 29.312288613303267, 3.100338218714769, 6.200676437429538]}