{"upperx": 0.015360853227321059, "lowerx": -0.014797843468841165, "uppery": 0.014201368700014427, "lowery": -0.014019501832081005, "freqsx": [9.864712514092446, 12.965050732807214, 6.200676437429538, 11.837655016910935, 7.328072153325817, 9.301014656144305, 8.173618940248026, 10.992108229988725, 10.710259301014656, 108.22998872604283], "freqsy": [37.48590755355129, 63.41600901916572, 58.62457722660653, 62.28861330326944, 63.134160090191656, 66.5163472378805, 40.58624577226606, 24.52085682074408, 61.7249154453213, 27.621195039458847]}