{"upperx": 0.058620027150027454, "lowerx": -0.055994139169342816, "uppery": 0.02870546033955179, "lowery": -0.027997689932817593, "freqsx": [0.0, 27.33934611048478, 26.49379932356257, 96.3923337091319, 92.44644870349492, 124.29537767756482, 27.05749718151071, 123.4498308906426, 31.848928974069896, 31.567080045095828], "freqsy": [26.775648252536637, 36.92220969560315, 26.49379932356257, 40.58624577226606, 24.52085682074408, 32.97632468996618, 25.64825253664036, 43.122886133032694, 37.20405862457722, 69.89853438556933]}