{"upperx": 0.02118539746152237, "lowerx": -0.020840906247030944, "uppery": 0.02583083201898262, "lowery": -0.025258421257603914, "freqsx": [30.96846846846847, 32.0945945945946, 108.38963963963964, 72.63513513513514, 16.89189189189189, 57.432432432432435, 32.93918918918919, 25.61936936936937, 34.06531531531532, 71.509009009009], "freqsy": [18.01801801801802, 19.425675675675677, 23.085585585585587, 0.5630630630630631, 21.67792792792793, 21.114864864864867, 16.61036036036036, 3.3783783783783785, 1.6891891891891893, 73.76126126126127]}