{"upperx": 0.007126849784981459, "lowerx": -0.006850024044979364, "uppery": 0.005068600941740442, "lowery": -0.004908615890599322, "freqsx": [3.3821871476888385, 10.428410372040586, 123.4498308906426, 92.44644870349492, 121.47688838782412, 4.509582863585118, 119.22209695603156, 121.75873731679819, 123.16798196166853, 17.7564825253664], "freqsy": [103.72040586245771, 100.0563697857948, 90.7553551296505, 40.022547914317926, 4.227733934611048, 29.312288613303267, 124.29537767756482, 12.401352874859075, 92.44644870349492, 19.165727170236753]}