{"upperx": 0.011101704760221764, "lowerx": -0.010757488460512832, "uppery": 0.021201719238888472, "lowery": -0.020686528936494142, "freqsx": [3.096846846846847, 3.3783783783783785, 8.445945945945946, 3.941441441441442, 1.970720720720721, 10.416666666666668, 5.349099099099099, 9.572072072072073, 6.475225225225225, 5.0675675675675675], "freqsy": [20.27027027027027, 36.5990990990991, 55.74324324324324, 97.97297297297298, 5.0675675675675675, 50.112612612612615, 60.810810810810814, 22.804054054054056, 87.27477477477478, 3.941441441441442]}