{"upperx": 0.028743727976689115, "lowerx": -0.027793382381787524, "uppery": 0.01544987759552896, "lowery": -0.015160855138674378, "freqsx": [31.285231116121757, 31.567080045095828, 90.19165727170235, 84.83652762119503, 89.9098083427283, 32.694475760992106, 33.25817361894025, 7.328072153325817, 38.89515219842164, 33.82187147688838], "freqsy": [68.48928974069898, 47.63246899661781, 85.68207440811724, 82.58173618940248, 85.96392333709132, 87.65501691093573, 11.555806087936865, 70.46223224351748, 46.22322435174746, 80.60879368658398]}