{"upperx": 0.021961036167340353, "lowerx": -0.021207695797784254, "uppery": 0.028821169369621202, "lowery": -0.028138394496636465, "freqsx": [1.9729425028184893, 2.536640360766629, 3.9458850056369785, 10.428410372040586, 4.509582863585118, 3.3821871476888385, 3.6640360766629083, 26.775648252536637, 9.301014656144305, 8.455467869222096], "freqsy": [3.100338218714769, 47.06877113866967, 15.219842164599774, 35.5129650507328, 25.64825253664036, 13.810597519729424, 13.528748590755354, 23.67531003382187, 19.165727170236753, 34.385569334836525]}