{"upperx": 0.08922753704564457, "lowerx": -0.08921392785532589, "uppery": 0.0981425165955443, "lowery": -0.09736868293839507, "freqsx": [26.463963963963966, 29.56081081081081, 30.686936936936938, 27.59009009009009, 23.367117117117118, 24.493243243243246, 28.434684684684687, 25.33783783783784, 22.24099099099099, 25.61936936936937], "freqsy": [31.813063063063066, 17.736486486486488, 28.716216216216218, 20.833333333333336, 9.29054054054054, 23.367117117117118, 6.193693693693694, 14.63963963963964, 32.0945945945946, 26.463963963963966]}