{"upperx": 0.04894575748767238, "lowerx": -0.04866217549715657, "uppery": 0.053593664240906946, "lowery": -0.053971131521393545, "freqsx": [40.24319629415171, 13.317892298784018, 11.29125651418645, 34.452808338158654, 18.818760856977416, 7.81702374059062, 18.239722061378114, 23.161551823972207, 12.159814707585408, 20.845396641574986], "freqsy": [19.10828025477707, 15.63404748118124, 45.45454545454545, 19.397799652576722, 28.0833815865663, 19.687319050376374, 41.98031268094962, 15.923566878980893, 14.186450492182976, 9.264620729588882]}