{"upperx": 0.04701598356041359, "lowerx": -0.046858571520715486, "uppery": 0.05156347598313005, "lowery": -0.051466162545693805, "freqsx": [46.03358425014476, 40.24319629415171, 37.05848291835553, 44.00694846554719, 30.689056166763173, 29.530978575564564, 37.34800231615518, 26.92530399536769, 36.76896352055588, 33.87376954255935], "freqsy": [41.40127388535032, 52.11349160393746, 54.140127388535035, 45.45454545454545, 19.10828025477707, 55.58772437753329, 51.24493341053851, 28.951939779965258, 50.37637521713955, 52.40301100173712]}