{"upperx": 0.03129903375520371, "lowerx": -0.031016370659926906, "uppery": 0.03523632435826585, "lowery": -0.03552886546822265, "freqsx": [40.24319629415171, 23.161551823972207, 13.317892298784018, 7.81702374059062, 46.03358425014476, 12.159814707585408, 4.632310364794441, 32.71569195136074, 43.42790966994789, 6.658946149392009], "freqsy": [19.397799652576722, 19.10828025477707, 33.00521134916039, 15.63404748118124, 45.45454545454545, 15.923566878980893, 23.74059061957151, 45.744064852345105, 133.7579617834395, 37.34800231615518]}