{"upperx": 0.01457164718885906, "lowerx": -0.014023726776940748, "uppery": 0.02052378741791472, "lowery": -0.020742747059557587, "freqsx": [0.0, 1.1580775911986103, 10.13317892298784, 6.948465547191661, 9.843659525188187, 0.2895193977996526, 0.8685581933989577, 8.97510133178923, 3.1847133757961785, 36.47944412275623], "freqsy": [48.92877822814128, 51.24493341053851, 45.1650260567458, 11.001737116386797, 5.790387955993052, 6.948465547191661, 50.955414012738856, 6.658946149392009, 1.447596988998263, 61.378112333526346]}