{"upperx": 0.009465746908972505, "lowerx": -0.009301089819928166, "uppery": 0.01076784862743807, "lowery": -0.010795892285386799, "freqsx": [40.24319629415171, 46.03358425014476, 32.71569195136074, 48.06022003474233, 37.34800231615518, 13.317892298784018, 34.452808338158654, 19.687319050376374, 7.81702374059062, 18.818760856977416], "freqsy": [15.63404748118124, 19.10828025477707, 45.45454545454545, 28.0833815865663, 13.317892298784018, 41.40127388535032, 47.19166184134337, 41.98031268094962, 14.186450492182976, 144.18066010422697]}