{"upperx": 0.03045353025663644, "lowerx": -0.029370677541010082, "uppery": 0.04666196428297553, "lowery": -0.04694157034100499, "freqsx": [23.74059061957151, 7.81702374059062, 8.106543138390272, 22.5825130283729, 0.8685581933989577, 26.92530399536769, 0.5790387955993052, 13.317892298784018, 19.97683844817603, 6.948465547191661], "freqsy": [15.63404748118124, 19.397799652576722, 15.923566878980893, 4.921829762594093, 1.7371163867979154, 49.50781702374059, 4.053271569195136, 59.35147654892878, 6.369426751592357, 1.447596988998263]}