{"upperx": 0.013572491909144446, "lowerx": -0.013188256678404287, "uppery": 0.012476891919504851, "lowery": -0.012647362716961652, "freqsx": [0.0, 19.397799652576722, 16.79212507237985, 6.948465547191661, 10.13317892298784, 45.744064852345105, 21.713954834973944, 6.658946149392009, 7.81702374059062, 23.74059061957151], "freqsy": [4.921829762594093, 15.055008685581933, 55.00868558193399, 15.63404748118124, 44.87550665894615, 15.344528083381586, 1.447596988998263, 75.56456282570932, 52.40301100173712, 4.632310364794441]}