{"upperx": 0.01752485055476427, "lowerx": -0.017362773418426514, "uppery": 0.01762166181106295, "lowery": -0.017592222155144555, "freqsx": [29.530978575564564, 30.689056166763173, 50.086855819339895, 37.05848291835553, 34.74232773595831, 46.03358425014476, 29.820497973364215, 36.76896352055588, 48.06022003474233, 37.34800231615518], "freqsy": [48.92877822814128, 39.085118702953096, 53.85060799073538, 44.29646786334684, 51.24493341053851, 52.11349160393746, 41.40127388535032, 54.140127388535035, 50.37637521713955, 44.5859872611465]}