{"upperx": 0.02350762153218966, "lowerx": -0.02318876849312801, "uppery": 0.026881514088017866, "lowery": -0.027173083304660395, "freqsx": [7.81702374059062, 40.24319629415171, 37.34800231615518, 21.713954834973944, 14.475969889982629, 38.506079907353794, 57.614360162130865, 32.71569195136074, 6.658946149392009, 29.530978575564564], "freqsy": [19.397799652576722, 6.948465547191661, 42.269832078749275, 19.10828025477707, 15.63404748118124, 36.18992472495657, 28.0833815865663, 9.264620729588882, 41.98031268094962, 14.186450492182976]}