{"upperx": 0.010103855798661243, "lowerx": -0.00993099943298148, "uppery": 0.00857999532490794, "lowery": -0.00855297657653864, "freqsx": [41.40127388535032, 36.47944412275623, 26.346265199768386, 27.214823393167343, 13.317892298784018, 26.92530399536769, 38.506079907353794, 29.530978575564564, 43.42790966994789, 27.793862188766646], "freqsy": [15.63404748118124, 10.712217718587146, 45.45454545454545, 17.371163867979156, 70.35321366531558, 12.449334105385061, 20.555877243775335, 10.422698320787493, 55.29820497973364, 24.030110017371165]}