{"upperx": 2.60189789274591, "lowerx": -2.602152648178162, "uppery": 0.2996821244014427, "lowery": -0.30166319117415696, "freqsx": [64.16791604197901, 63.86806596701649, 64.46776611694153, 63.56821589205398, 192.20389805097452, 64.76761619190405, 63.26836581709146, 256.07196401799104, 65.06746626686657, 62.968515742128936], "freqsy": [64.16791604197901, 63.86806596701649, 64.46776611694153, 256.07196401799104, 63.56821589205398, 192.20389805097452, 300.7496251874063, 423.3883058470765, 268.06596701649175, 332.2338830584708]}