{"upperx": 1.496880451333709, "lowerx": -1.4954986775992438, "uppery": 0.31983292021322995, "lowery": -0.3234604903263971, "freqsx": [64.16791604197901, 63.86806596701649, 64.46776611694153, 63.56821589205398, 64.76761619190405, 63.26836581709146, 192.20389805097452, 62.968515742128936, 65.06746626686657, 435.98200899550227], "freqsy": [128.33583208395802, 127.73613193403298, 192.20389805097452, 191.904047976012, 64.16791604197901, 128.03598200899552, 256.07196401799104, 63.86806596701649, 319.9400299850075, 128.63568215892053]}