{"upperx": 4.15982581442222, "lowerx": -4.160857903305441, "uppery": 0.4726389806601219, "lowery": -0.47416372486623004, "freqsx": [64.16791604197901, 63.86806596701649, 64.46776611694153, 63.56821589205398, 64.76761619190405, 63.26836581709146, 435.98200899550227, 65.06746626686657, 62.968515742128936, 62.66866566716642], "freqsy": [128.03598200899552, 64.16791604197901, 256.07196401799104, 63.86806596701649, 256.3718140929535, 487.856071964018, 384.1079460269865, 192.20389805097452, 63.56821589205398, 385.0074962518741]}