{"upperx": 8.333624214865267, "lowerx": -8.335889964364469, "uppery": 0.8918116975401063, "lowery": -0.8910563897516113, "freqsx": [64.16791604197901, 63.86806596701649, 64.46776611694153, 63.56821589205398, 64.76761619190405, 63.26836581709146, 435.98200899550227, 65.06746626686657, 62.968515742128936, 62.66866566716642], "freqsy": [128.03598200899552, 192.20389805097452, 64.16791604197901, 63.86806596701649, 320.23988005997, 191.904047976012, 64.46776611694153, 435.98200899550227, 128.33583208395802, 63.56821589205398]}