{"upperx": 1.7952531339833513, "lowerx": -1.7933690784266219, "uppery": 0.5106745376251638, "lowery": -0.5158942923881114, "freqsx": [64.16791604197901, 63.86806596701649, 64.46776611694153, 63.56821589205398, 192.20389805097452, 64.76761619190405, 63.26836581709146, 62.968515742128936, 65.06746626686657, 191.904047976012], "freqsy": [128.03598200899552, 128.33583208395802, 128.63568215892053, 192.20389805097452, 256.07196401799104, 127.43628185907048, 127.73613193403298, 127.13643178410796, 64.16791604197901, 256.3718140929535]}