{"upperx": 0.7019379771081731, "lowerx": -0.7024493181379512, "uppery": 0.10142313090182142, "lowery": -0.1012367815055768, "freqsx": [64.16791604197901, 63.86806596701649, 64.46776611694153, 63.56821589205398, 64.76761619190405, 63.26836581709146, 435.98200899550227, 65.06746626686657, 192.20389805097452, 62.968515742128936], "freqsy": [192.20389805097452, 251.57421289355324, 499.25037481259375, 499.5502248875562, 320.23988005997, 248.57571214392806, 191.904047976012, 250.9745127436282, 349.02548725637183, 372.1139430284858]}