{"upperx": 3.5817444002022967, "lowerx": -3.5796821439871565, "uppery": 0.6752634065342136, "lowery": -0.6771723611163907, "freqsx": [64.16791604197901, 63.86806596701649, 64.46776611694153, 63.56821589205398, 64.76761619190405, 63.26836581709146, 448.2758620689655, 435.98200899550227, 65.06746626686657, 62.968515742128936], "freqsy": [64.16791604197901, 63.86806596701649, 128.03598200899552, 320.23988005997, 191.904047976012, 64.46776611694153, 63.56821589205398, 448.2758620689655, 256.07196401799104, 192.20389805097452]}