{"upperx": 6.330370588111691, "lowerx": -6.32830985088367, "uppery": 0.8172244848683476, "lowery": -0.8220447478815913, "freqsx": [64.16791604197901, 63.86806596701649, 64.46776611694153, 63.56821589205398, 64.76761619190405, 63.26836581709146, 65.06746626686657, 62.968515742128936, 435.98200899550227, 65.36731634182908], "freqsy": [128.03598200899552, 64.16791604197901, 192.20389805097452, 63.86806596701649, 256.07196401799104, 448.2758620689655, 423.688155922039, 191.904047976012, 384.1079460269865, 128.33583208395802]}