{"upperx": 11.902812943393656, "lowerx": -11.902607455318503, "uppery": 1.2064626875289832, "lowery": -1.2066757020584191, "freqsx": [64.16791604197901, 63.86806596701649, 64.46776611694153, 63.56821589205398, 64.76761619190405, 63.26836581709146, 65.06746626686657, 62.968515742128936, 65.36731634182908, 62.66866566716642], "freqsy": [128.03598200899552, 192.20389805097452, 64.16791604197901, 475.86206896551727, 448.2758620689655, 295.6521739130435, 498.05097451274366, 115.44227886056971, 384.1079460269865, 63.86806596701649]}