{"upperx": 2.2412158952793106, "lowerx": -2.238366056815721, "uppery": 0.7759254809934646, "lowery": -0.7816350820939988, "freqsx": [64.16791604197901, 63.86806596701649, 192.20389805097452, 64.46776611694153, 63.56821589205398, 320.23988005997, 191.904047976012, 64.76761619190405, 63.26836581709146, 448.2758620689655], "freqsy": [128.03598200899552, 256.07196401799104, 128.33583208395802, 256.3718140929535, 128.63568215892053, 320.23988005997, 64.16791604197901, 125.33733133433284, 448.2758620689655, 63.56821589205398]}