{"upperx": 0.04502470142324455, "lowerx": -0.04486771204392426, "uppery": 0.12373388302512467, "lowery": -0.1231720622163266, "freqsx": [71.06446776611695, 74.96251874062969, 55.77211394302849, 132.8335832083958, 90.55472263868066, 91.1544227886057, 107.94602698650675, 86.95652173913044, 83.35832083958022, 119.34032983508246], "freqsy": [62.968515742128936, 63.26836581709146, 56.97151424287856, 89.05547226386807, 73.4632683658171, 39.58020989505248, 63.56821589205398, 64.16791604197901, 62.06896551724138, 57.87106446776612]}