{"upperx": 0.18971832439274294, "lowerx": -0.1898703540864517, "uppery": 0.16416159553773468, "lowery": -0.16392558531515533, "freqsx": [112.44377811094454, 63.86806596701649, 93.85307346326837, 84.55772113943029, 116.04197901049476, 129.23538230884557, 114.84257871064469, 127.43628185907048, 87.25637181409296, 102.54872563718142], "freqsy": [64.76761619190405, 112.74362818590706, 99.2503748125937, 90.55472263868066, 64.46776611694153, 88.45577211394303, 65.36731634182908, 61.76911544227886, 133.13343328335833, 64.16791604197901]}