{"upperx": 0.023349052127741743, "lowerx": -0.023183021861768793, "uppery": 0.018954579269120586, "lowery": -0.018923906127383816, "freqsx": [247.97601199400302, 134.93253373313343, 499.5502248875562, 251.87406296851574, 499.25037481259375, 125.33733133433284, 105.5472263868066, 122.63868065967017, 129.83508245877061, 77.06146926536732], "freqsy": [88.45577211394303, 85.45727136431785, 64.76761619190405, 125.93703148425787, 61.469265367316346, 101.94902548725638, 33.88305847076462, 133.13343328335833, 149.92503748125938, 499.5502248875562]}