{"upperx": 0.027138034587551374, "lowerx": -0.026978080386470538, "uppery": 0.0820935797819402, "lowery": -0.08150893254787661, "freqsx": [71.06446776611695, 51.574212893553224, 132.8335832083958, 91.1544227886057, 31.78410794602699, 74.96251874062969, 97.15142428785607, 53.37331334332834, 58.17091454272864, 106.14692653673164], "freqsy": [63.26836581709146, 63.56821589205398, 62.968515742128936, 57.87106446776612, 112.74362818590706, 65.96701649175412, 66.56671664167916, 56.97151424287856, 73.4632683658171, 62.06896551724138]}