{"upperx": 0.025962247265852056, "lowerx": -0.025582584799849428, "uppery": 0.024585617196862586, "lowery": -0.02443349598615896, "freqsx": [33.88305847076462, 34.18290854572714, 58.17091454272864, 46.176911544227885, 56.37181409295353, 42.878560719640184, 92.65367316341829, 34.78260869565217, 94.4527736131934, 35.682158920539734], "freqsy": [33.88305847076462, 18.890554722638683, 60.56971514242879, 62.66866566716642, 17.991004497751124, 63.86806596701649, 65.6671664167916, 21.28935532233883, 19.490254872563717, 20.689655172413794]}