{"upperx": 0.01949316411628388, "lowerx": -0.0193242788373027, "uppery": 0.06084229321277235, "lowery": -0.06038273601734545, "freqsx": [74.66266866566717, 55.17241379310345, 74.96251874062969, 58.17091454272864, 71.06446776611695, 100.14992503748127, 102.2488755622189, 141.82908545727136, 124.43778110944528, 86.95652173913044], "freqsy": [62.968515742128936, 247.97601199400302, 63.26836581709146, 63.56821589205398, 62.06896551724138, 61.76911544227886, 61.469265367316346, 66.56671664167916, 66.26686656671664, 60.869565217391305]}