{"upperx": 0.07503309621824883, "lowerx": -0.07426979989395477, "uppery": 0.07722398737678304, "lowery": -0.07693800976267084, "freqsx": [33.88305847076462, 63.86806596701649, 34.18290854572714, 82.45877061469265, 95.952023988006, 83.95802098950526, 125.93703148425787, 132.23388305847078, 120.53973013493254, 85.45727136431785], "freqsy": [33.88305847076462, 67.76611694152923, 72.86356821589206, 59.97001499250375, 63.86806596701649, 62.968515742128936, 63.56821589205398, 61.469265367316346, 116.34182908545728, 87.856071964018]}