{"upperx": 0.18382802157429978, "lowerx": -0.18234610260697082, "uppery": 0.2422776496532606, "lowery": -0.24186885594099294, "freqsx": [33.88305847076462, 88.45577211394303, 499.5502248875562, 145.72713643178412, 63.86806596701649, 34.18290854572714, 84.55772113943029, 85.15742128935533, 119.9400299850075, 247.97601199400302], "freqsy": [101.64917541229386, 107.34632683658171, 64.46776611694153, 59.97001499250375, 98.35082458770616, 73.16341829085458, 79.76011994003, 62.06896551724138, 337.3313343328336, 35.08245877061469]}