{"upperx": 0.0352700138300861, "lowerx": -0.03521243763862003, "uppery": 0.030197844353097025, "lowery": -0.030091659653407987, "freqsx": [128.03598200899552, 116.04197901049476, 107.04647676161919, 117.24137931034483, 102.54872563718142, 120.53973013493254, 80.0599700149925, 107.64617691154423, 127.43628185907048, 247.97601199400302], "freqsy": [117.24137931034483, 64.16791604197901, 75.56221889055473, 83.95802098950526, 57.5712143928036, 41.97901049475263, 59.070464767616194, 64.76761619190405, 98.35082458770616, 116.04197901049476]}