{"upperx": 0.07656664060232288, "lowerx": -0.0765849236977374, "uppery": 0.06765745023949421, "lowery": -0.0675375852479192, "freqsx": [110.04497751124438, 84.55772113943029, 137.93103448275863, 116.6416791604198, 82.45877061469265, 93.85307346326837, 103.74812593703149, 116.04197901049476, 63.86806596701649, 127.43628185907048], "freqsy": [64.46776611694153, 68.96551724137932, 99.2503748125937, 79.46026986506747, 61.76911544227886, 59.67016491754123, 60.56971514242879, 64.76761619190405, 116.04197901049476, 59.97001499250375]}