{"upperx": 0.3815636730287224, "lowerx": -0.3785325193312019, "uppery": 0.12068461335729808, "lowery": -0.11718648963142186, "freqsx": [53.561088592935725, 26.92530399536769, 26.635784597568037, 80.48639258830342, 53.85060799073538, 53.271569195136074, 70.35321366531558, 27.214823393167343, 72.37984944991314, 26.346265199768386], "freqsy": [53.561088592935725, 26.92530399536769, 53.271569195136074, 26.635784597568037, 28.0833815865663, 52.11349160393746, 54.71916618413434, 51.24493341053851, 27.214823393167343, 53.85060799073538]}