{"upperx": 0.06744426061050035, "lowerx": -0.06716675739153288, "uppery": 0.024671125938766636, "lowery": -0.024198129991418682, "freqsx": [53.561088592935725, 26.92530399536769, 26.635784597568037, 53.85060799073538, 80.48639258830342, 27.214823393167343, 52.40301100173712, 26.346265199768386, 72.37984944991314, 74.40648523451071], "freqsy": [26.92530399536769, 53.561088592935725, 53.85060799073538, 26.635784597568037, 248.11812391430226, 80.48639258830342, 27.214823393167343, 25.76722640416908, 54.140127388535035, 54.429646786334686]}