{"upperx": 0.2106174491600541, "lowerx": -0.2106893695636245, "uppery": 0.08257987836259417, "lowery": -0.0819610271428246, "freqsx": [26.92530399536769, 53.561088592935725, 26.635784597568037, 53.85060799073538, 27.214823393167343, 72.37984944991314, 26.346265199768386, 80.48639258830342, 70.35321366531558, 53.271569195136074], "freqsy": [26.92530399536769, 53.561088592935725, 53.85060799073538, 24.60914881297047, 28.951939779965258, 52.98204979733642, 123.9143022582513, 51.53445280833816, 22.5825130283729, 53.271569195136074]}