{"upperx": 0.11847696831682697, "lowerx": -0.11727941402932629, "uppery": 0.048943515634164214, "lowery": -0.047373883659020066, "freqsx": [53.561088592935725, 26.92530399536769, 26.635784597568037, 80.48639258830342, 53.85060799073538, 63.98378691372322, 196.29415170816443, 27.214823393167343, 53.271569195136074, 55.00868558193399], "freqsy": [26.92530399536769, 26.635784597568037, 53.561088592935725, 33.5842501447597, 27.214823393167343, 39.085118702953096, 30.689056166763173, 0.8685581933989577, 0.5790387955993052, 39.664157498552406]}