{"upperx": 0.11721330722502898, "lowerx": -0.11694651255675126, "uppery": 0.0470721437886823, "lowery": -0.0466469828679692, "freqsx": [26.92530399536769, 53.561088592935725, 26.635784597568037, 27.214823393167343, 26.346265199768386, 53.85060799073538, 72.37984944991314, 80.48639258830342, 70.35321366531558, 53.271569195136074], "freqsy": [26.92530399536769, 53.561088592935725, 25.477707006369428, 52.98204979733642, 249.56572090330053, 69.48465547191662, 23.45107122177186, 54.71916618413434, 55.00868558193399, 123.9143022582513]}