{"upperx": 0.18817713481985265, "lowerx": -0.18801841514505213, "uppery": 0.05109978816471994, "lowery": -0.050209671491757035, "freqsx": [53.561088592935725, 26.92530399536769, 26.635784597568037, 53.85060799073538, 27.214823393167343, 70.35321366531558, 80.48639258830342, 52.40301100173712, 26.346265199768386, 53.271569195136074], "freqsy": [26.92530399536769, 53.561088592935725, 80.48639258830342, 26.635784597568037, 27.214823393167343, 54.140127388535035, 53.85060799073538, 248.98668210770123, 45.744064852345105, 53.271569195136074]}