{"upperx": 0.07882576188421808, "lowerx": -0.07842067503952421, "uppery": 0.03429064778902102, "lowery": -0.033908444733242504, "freqsx": [26.92530399536769, 53.561088592935725, 26.635784597568037, 53.85060799073538, 27.214823393167343, 72.37984944991314, 80.48639258830342, 70.35321366531558, 26.346265199768386, 196.29415170816443], "freqsy": [26.92530399536769, 53.561088592935725, 248.98668210770123, 32.71569195136074, 249.56572090330053, 52.98204979733642, 55.58772437753329, 28.951939779965258, 51.53445280833816, 125.94093804284887]}