{"upperx": 0.04101645961054601, "lowerx": -0.040689796063816175, "uppery": 0.019065112646785565, "lowery": -0.018761050116154365, "freqsx": [53.561088592935725, 26.92530399536769, 26.635784597568037, 53.85060799073538, 80.48639258830342, 27.214823393167343, 26.346265199768386, 53.271569195136074, 72.37984944991314, 70.35321366531558], "freqsy": [26.92530399536769, 53.561088592935725, 54.71916618413434, 52.98204979733642, 55.58772437753329, 28.951939779965258, 249.56572090330053, 53.85060799073538, 53.271569195136074, 26.635784597568037]}