{"upperx": 0.03610297662089579, "lowerx": -0.03545191141893156, "uppery": 0.023402036138577387, "lowery": -0.02261801532586105, "freqsx": [53.561088592935725, 26.92530399536769, 26.635784597568037, 80.48639258830342, 53.85060799073538, 196.29415170816443, 27.214823393167343, 26.346265199768386, 53.271569195136074, 70.35321366531558], "freqsy": [26.92530399536769, 53.561088592935725, 19.10828025477707, 26.346265199768386, 18.239722061378114, 34.452808338158654, 24.898668210770122, 18.818760856977416, 240.5906195715113, 223.21945570353213]}