{"upperx": 0.5541244684936828, "lowerx": -0.5541929960963898, "uppery": 0.14155313442461193, "lowery": -0.13758498360402882, "freqsx": [53.561088592935725, 26.92530399536769, 26.635784597568037, 53.85060799073538, 27.214823393167343, 80.48639258830342, 53.271569195136074, 72.37984944991314, 26.346265199768386, 70.35321366531558], "freqsy": [26.92530399536769, 53.561088592935725, 80.48639258830342, 26.635784597568037, 53.85060799073538, 27.214823393167343, 26.346265199768386, 72.37984944991314, 27.504342790966994, 27.793862188766646]}