{"upperx": 0.22950495406985283, "lowerx": -0.22782035544514656, "uppery": 0.06366313144098967, "lowery": -0.06471143767703325, "freqsx": [127.96757382744644, 127.38853503184714, 10.712217718587146, 121.59814707585409, 115.80775911986103, 111.7544875506659, 137.2321945570353, 117.8343949044586, 117.54487550665894, 115.22872032426173], "freqsy": [5.2113491603937465, 3.7637521713954833, 13.028372900984365, 8.97510133178923, 3.1847133757961785, 3.4742327735958307, 2.3161551823972206, 2.895193977996526, 249.27620150550086, 9.843659525188187]}