{"upperx": 1.0411563741035934, "lowerx": -1.0412692202262406, "uppery": 0.13561620184918866, "lowery": -0.13715520134428516, "freqsx": [127.96757382744644, 127.38853503184714, 127.67805442964679, 121.88766647365374, 128.54661262304575, 128.25709322524608, 122.17718587145339, 140.12738853503186, 111.7544875506659, 115.80775911986103], "freqsy": [136.36363636363637, 5.2113491603937465, 125.94093804284887, 121.88766647365374, 125.36189924724957, 111.7544875506659, 141.28546612623046, 102.77938621887667, 20.26635784597568, 114.64968152866243]}