{"upperx": 0.6387560090697662, "lowerx": -0.6388269045673951, "uppery": 0.09158807282801718, "lowery": -0.09242542425636202, "freqsx": [127.96757382744644, 127.38853503184714, 127.67805442964679, 121.88766647365374, 122.17718587145339, 128.54661262304575, 128.25709322524608, 111.7544875506659, 140.12738853503186, 143.89114070642734], "freqsy": [125.36189924724957, 125.94093804284887, 5.2113491603937465, 13.028372900984365, 130.57324840764332, 249.56572090330053, 131.73132599884192, 129.99420961204402, 124.49334105385061, 20.26635784597568]}