{"upperx": 0.31459891819395125, "lowerx": -0.31090733385644853, "uppery": 0.08944176224758849, "lowery": -0.0912116757244803, "freqsx": [127.96757382744644, 10.712217718587146, 127.38853503184714, 133.1789229878402, 127.67805442964679, 117.8343949044586, 116.96583671105964, 122.46670526925304, 137.52171395483498, 8.106543138390272], "freqsy": [5.2113491603937465, 10.712217718587146, 3.1847133757961785, 3.7637521713954833, 3.4742327735958307, 2.895193977996526, 1.7371163867979154, 2.3161551823972206, 6.369426751592357, 4.053271569195136]}