{"upperx": 0.19773303804686293, "lowerx": -0.19703578116605058, "uppery": 0.046583604111219756, "lowery": -0.0466857328574406, "freqsx": [127.96757382744644, 122.17718587145339, 126.80949623624782, 133.7579617834395, 127.38853503184714, 121.88766647365374, 133.1789229878402, 121.59814707585409, 128.25709322524608, 127.67805442964679], "freqsy": [244.0648523451071, 34.74232773595831, 249.56572090330053, 57.32484076433121, 127.96757382744644, 63.98378691372322, 52.69253039953677, 51.53445280833816, 125.94093804284887, 42.269832078749275]}