{"upperx": 0.46318733270891244, "lowerx": -0.46306455556623405, "uppery": 0.06732957012718543, "lowery": -0.06826977484161034, "freqsx": [127.96757382744644, 121.88766647365374, 127.38853503184714, 127.67805442964679, 122.17718587145339, 128.54661262304575, 128.25709322524608, 111.7544875506659, 140.12738853503186, 126.80949623624782], "freqsy": [5.2113491603937465, 249.56572090330053, 130.28372900984365, 112.04400694846555, 20.26635784597568, 135.4950781702374, 3.7637521713954833, 144.18066010422697, 28.951939779965258, 119.86103068905616]}