{"upperx": 0.1869219372747466, "lowerx": -0.18601846147794276, "uppery": 0.0287364627874922, "lowery": -0.02910194921423681, "freqsx": [127.96757382744644, 122.17718587145339, 122.75622466705269, 128.25709322524608, 126.80949623624782, 122.46670526925304, 133.1789229878402, 121.88766647365374, 133.7579617834395, 127.38853503184714], "freqsy": [249.56572090330053, 5.2113491603937465, 244.0648523451071, 123.9143022582513, 4.053271569195136, 91.19861030689056, 3.4742327735958307, 3.7637521713954833, 1.7371163867979154, 248.40764331210192]}