{"upperx": 1.8855138213839382, "lowerx": -1.87866540835239, "uppery": 0.3037734787649242, "lowery": -0.3041673887782963, "freqsx": [127.96757382744644, 127.38853503184714, 127.67805442964679, 128.54661262304575, 121.88766647365374, 128.25709322524608, 122.17718587145339, 140.12738853503186, 133.7579617834395, 141.86450492182976], "freqsy": [137.52171395483498, 223.21945570353213, 128.54661262304575, 55.87724377533295, 136.36363636363637, 163.86797915460335, 128.25709322524608, 243.4858135495078, 127.96757382744644, 242.03821656050957]}