{"upperx": 0.9826295517850667, "lowerx": -0.9766184545587748, "uppery": 0.2631024920847267, "lowery": -0.2671534663531929, "freqsx": [127.67805442964679, 127.96757382744644, 127.38853503184714, 128.25709322524608, 121.88766647365374, 122.17718587145339, 125.07237984944992, 125.94093804284887, 116.96583671105964, 128.54661262304575], "freqsy": [127.96757382744644, 127.67805442964679, 128.25709322524608, 5.2113491603937465, 127.09901563404748, 122.17718587145339, 3.1847133757961785, 122.46670526925304, 3.4742327735958307, 115.80775911986103]}