{"upperx": 0.49367434065788984, "lowerx": -0.48989563900977373, "uppery": 0.13144278288382338, "lowery": -0.13141524284583284, "freqsx": [127.96757382744644, 127.38853503184714, 133.7579617834395, 127.67805442964679, 121.88766647365374, 140.12738853503186, 133.1789229878402, 122.17718587145339, 129.99420961204402, 138.10075275043428], "freqsy": [127.96757382744644, 138.67979154603358, 151.9976838448176, 138.10075275043428, 128.54661262304575, 30.110017371163867, 234.22119281991894, 232.19455703532137, 128.83613202084538, 127.38853503184714]}