{"upperx": 2.0874509310815483, "lowerx": -2.090645363321528, "uppery": 0.24243833567015827, "lowery": -0.24912742828018963, "freqsx": [31.847133757961785, 32.13665315576144, 31.55761436016213, 32.42617255356109, 95.830920671685, 31.26809496236248, 32.71569195136074, 33.00521134916039, 30.978575564562824, 96.12044006948466], "freqsy": [63.98378691372322, 127.96757382744644, 63.69426751592357, 64.27330631152287, 127.67805442964679, 95.830920671685, 116.67631731325999, 159.81470758540823, 100.17371163867979, 32.13665315576144]}