{"upperx": 11.498099150834605, "lowerx": -11.494008240522817, "uppery": 0.6480170512804762, "lowery": -0.64724752062466, "freqsx": [31.847133757961785, 32.13665315576144, 31.55761436016213, 32.42617255356109, 31.26809496236248, 32.71569195136074, 30.978575564562824, 33.00521134916039, 30.689056166763173, 33.29473074696005], "freqsy": [31.847133757961785, 32.13665315576144, 127.96757382744644, 31.55761436016213, 32.42617255356109, 63.98378691372322, 159.81470758540823, 95.830920671685, 244.35437174290678, 244.0648523451071]}