{"upperx": 5.564489714859519, "lowerx": -5.563614971877541, "uppery": 0.2922663780482253, "lowery": -0.2920668033330003, "freqsx": [31.847133757961785, 32.13665315576144, 31.55761436016213, 32.42617255356109, 31.26809496236248, 32.71569195136074, 30.978575564562824, 33.00521134916039, 30.689056166763173, 33.29473074696005], "freqsy": [31.847133757961785, 32.13665315576144, 95.830920671685, 127.96757382744644, 32.42617255356109, 225.53561088592934, 31.55761436016213, 220.90330052113492, 216.27099015634047, 143.02258251302837]}