{"upperx": 1.110360737956853, "lowerx": -1.1103581226693677, "uppery": 0.038372442530089756, "lowery": -0.03828283358961926, "freqsx": [31.847133757961785, 32.13665315576144, 31.55761436016213, 32.42617255356109, 31.26809496236248, 32.71569195136074, 33.00521134916039, 30.978575564562824, 30.689056166763173, 33.29473074696005], "freqsy": [191.95136074116965, 246.0914881297047, 127.96757382744644, 244.35437174290678, 191.66184134337, 125.94093804284887, 249.27620150550086, 249.56572090330053, 247.2495657209033, 118.41343370005791]}