{"upperx": 1.8182569983182475, "lowerx": -1.8207524773897603, "uppery": 0.1794441700913012, "lowery": -0.18394177546724677, "freqsx": [31.847133757961785, 32.13665315576144, 31.55761436016213, 32.42617255356109, 31.26809496236248, 32.71569195136074, 95.830920671685, 33.00521134916039, 30.978575564562824, 30.689056166763173], "freqsy": [63.98378691372322, 127.96757382744644, 63.69426751592357, 31.847133757961785, 133.7579617834395, 32.13665315576144, 175.73827446438912, 238.27446438911406, 191.95136074116965, 198.61030689056167]}