{"upperx": 2.4569004690274596, "lowerx": -2.4608203256502748, "uppery": 0.33018853422254324, "lowery": -0.33850392047315836, "freqsx": [31.847133757961785, 32.13665315576144, 95.830920671685, 31.55761436016213, 32.42617255356109, 31.26809496236248, 32.71569195136074, 96.12044006948466, 33.00521134916039, 30.978575564562824], "freqsy": [63.98378691372322, 127.96757382744644, 63.69426751592357, 64.27330631152287, 63.40474811812391, 127.67805442964679, 64.56282570932252, 31.847133757961785, 128.25709322524608, 127.38853503184714]}