{"upperx": 3.3295145862502977, "lowerx": -3.328419841011055, "uppery": 0.13342384884890635, "lowery": -0.132961773473653, "freqsx": [31.847133757961785, 32.13665315576144, 31.55761436016213, 32.42617255356109, 31.26809496236248, 32.71569195136074, 33.00521134916039, 30.978575564562824, 95.830920671685, 30.689056166763173], "freqsy": [31.847133757961785, 32.13665315576144, 63.98378691372322, 120.15055008685582, 95.830920671685, 153.44528083381587, 96.69947886508396, 238.56398378691372, 243.19629415170817, 86.56629994209612]}