{"upperx": 4.852380697382614, "lowerx": -4.846422012196854, "uppery": 0.3127578798448667, "lowery": -0.3115627464139834, "freqsx": [31.847133757961785, 32.13665315576144, 31.55761436016213, 32.42617255356109, 32.71569195136074, 31.26809496236248, 33.00521134916039, 223.79849449913144, 30.978575564562824, 212.21771858714533], "freqsy": [63.98378691372322, 31.847133757961785, 95.830920671685, 127.67805442964679, 96.12044006948466, 32.13665315576144, 127.96757382744644, 191.95136074116965, 180.37058482918354, 180.0810654313839]}