{"upperx": 18.068538549356163, "lowerx": -18.06094562727958, "uppery": 1.1104080460499972, "lowery": -1.1174179532099515, "freqsx": [31.847133757961785, 32.13665315576144, 31.55761436016213, 32.42617255356109, 32.71569195136074, 31.26809496236248, 33.00521134916039, 30.978575564562824, 33.29473074696005, 30.689056166763173], "freqsy": [63.98378691372322, 127.96757382744644, 95.830920671685, 63.69426751592357, 127.67805442964679, 96.12044006948466, 223.79849449913144, 128.25709322524608, 150.55008685581933, 31.847133757961785]}