{"upperx": 8.71456900506746, "lowerx": -8.717432108824141, "uppery": 0.3760686150053516, "lowery": -0.37963250966276973, "freqsx": [31.847133757961785, 32.13665315576144, 31.55761436016213, 32.42617255356109, 32.71569195136074, 31.26809496236248, 33.00521134916039, 30.978575564562824, 33.29473074696005, 30.689056166763173], "freqsy": [63.98378691372322, 95.830920671685, 31.847133757961785, 127.96757382744644, 32.13665315576144, 180.37058482918354, 139.54834973943255, 244.35437174290678, 127.67805442964679, 154.3138390272148]}