{"upperx": 0.030247863003751263, "lowerx": -0.02947757244692184, "uppery": 0.049700615025358275, "lowery": -0.05021607407252304, "freqsx": [5.790387955993052, 7.81702374059062, 34.452808338158654, 30.39953676896352, 27.504342790966994, 44.5859872611465, 28.372900984365952, 3.7637521713954833, 26.346265199768386, 28.662420382165607], "freqsy": [36.18992472495657, 30.39953676896352, 41.69079328314997, 7.81702374059062, 31.26809496236248, 32.42617255356109, 30.110017371163867, 46.90214244354372, 40.53271569195136, 28.0833815865663]}