{"upperx": 0.02359720677486621, "lowerx": -0.022855065908515826, "uppery": 0.042125286505324766, "lowery": -0.042181532859103754, "freqsx": [44.00694846554719, 41.98031268094962, 28.662420382165607, 29.24145917776491, 44.5859872611465, 42.559351476548926, 31.26809496236248, 26.635784597568037, 9.843659525188187, 27.504342790966994], "freqsy": [67.1685002895194, 45.45454545454545, 63.40474811812391, 84.8291835552982, 48.06022003474233, 33.00521134916039, 73.2484076433121, 35.610885929357266, 39.664157498552406, 52.98204979733642]}