{"upperx": 0.05056240450358018, "lowerx": -0.04978921596193686, "uppery": 0.07771508565383556, "lowery": -0.07776977697176335, "freqsx": [26.635784597568037, 28.662420382165607, 34.452808338158654, 28.951939779965258, 32.42617255356109, 31.55761436016213, 33.5842501447597, 29.24145917776491, 43.71742906774754, 30.978575564562824], "freqsy": [45.45454545454545, 46.90214244354372, 40.53271569195136, 30.39953676896352, 51.82397220613781, 48.06022003474233, 64.85234510712218, 70.35321366531558, 50.086855819339895, 41.69079328314997]}