{"upperx": 0.01555038127116859, "lowerx": -0.014924779767170548, "uppery": 0.0224521722557256, "lowery": -0.02250491977611091, "freqsx": [0.0, 5.790387955993052, 2.026635784597568, 76.14360162130863, 34.452808338158654, 44.5859872611465, 97.56803705848291, 7.81702374059062, 33.5842501447597, 49.797336421540244], "freqsy": [40.53271569195136, 64.85234510712218, 46.90214244354372, 36.18992472495657, 41.69079328314997, 48.06022003474233, 38.21656050955414, 42.848870874348584, 7.81702374059062, 39.37463810075275]}