{"upperx": 0.06953837545006536, "lowerx": -0.06860128967673518, "uppery": 0.10036381392274052, "lowery": -0.1010584378382191, "freqsx": [33.5842501447597, 34.452808338158654, 5.790387955993052, 31.26809496236248, 32.42617255356109, 44.5859872611465, 6.079907353792704, 30.39953676896352, 2.026635784597568, 22.5825130283729], "freqsy": [30.39953676896352, 36.18992472495657, 46.90214244354372, 41.69079328314997, 38.21656050955414, 48.06022003474233, 42.848870874348584, 22.003474232773595, 30.689056166763173, 29.24145917776491]}