{"upperx": 0.09325116244144738, "lowerx": -0.08722608792595565, "uppery": 0.09949275077087805, "lowery": -0.0989525172044523, "freqsx": [5.790387955993052, 1.7371163867979154, 0.5790387955993052, 2.026635784597568, 0.0, 0.8685581933989577, 0.2895193977996526, 1.1580775911986103, 2.6056745801968733, 2.895193977996526], "freqsy": [7.81702374059062, 58.19339895773017, 12.449334105385061, 6.658946149392009, 13.607411696583672, 77.59119861030689, 64.85234510712218, 32.42617255356109, 16.502605674580195, 9.843659525188187]}