{"upperx": 0.04127570943091996, "lowerx": -0.040418548946036026, "uppery": 0.06500475882785395, "lowery": -0.06556262791855261, "freqsx": [34.452808338158654, 5.790387955993052, 33.5842501447597, 68.90561667631731, 7.81702374059062, 35.610885929357266, 99.59467284308049, 32.13665315576144, 6.079907353792704, 3.7637521713954833], "freqsy": [30.39953676896352, 25.188187608569773, 40.53271569195136, 13.607411696583672, 36.18992472495657, 41.98031268094962, 85.40822235089752, 22.003474232773595, 64.85234510712218, 124.20382165605096]}