{"upperx": 0.030514238867908716, "lowerx": -0.028810714837163687, "uppery": 0.0331668755679857, "lowery": -0.03307595898513682, "freqsx": [5.790387955993052, 0.0, 4.632310364794441, 6.079907353792704, 2.6056745801968733, 3.7637521713954833, 2.026635784597568, 7.2379849449913145, 0.5790387955993052, 6.658946149392009], "freqsy": [7.81702374059062, 13.896931094383323, 8.97510133178923, 11.001737116386797, 13.607411696583672, 15.923566878980893, 14.765489287782282, 9.843659525188187, 10.712217718587146, 13.317892298784018]}