{"upperx": 0.13684788142563775, "lowerx": -0.13615589047549292, "uppery": 0.20066659160147537, "lowery": -0.20078267149438034, "freqsx": [32.42617255356109, 28.662420382165607, 32.13665315576144, 30.39953676896352, 31.26809496236248, 31.55761436016213, 30.110017371163867, 30.978575564562824, 33.5842501447597, 27.504342790966994], "freqsy": [64.85234510712218, 41.69079328314997, 46.90214244354372, 62.82570932252461, 67.45801968731905, 42.848870874348584, 48.06022003474233, 39.664157498552406, 39.37463810075275, 67.1685002895194]}