{"upperx": 0.04875540768261999, "lowerx": -0.04582690412644297, "uppery": 0.05304642146802507, "lowery": -0.0527600298228208, "freqsx": [5.790387955993052, 7.81702374059062, 4.632310364794441, 0.0, 2.026635784597568, 5.2113491603937465, 3.4742327735958307, 2.895193977996526, 9.843659525188187, 0.8685581933989577], "freqsy": [7.81702374059062, 11.001737116386797, 9.843659525188187, 13.607411696583672, 28.0833815865663, 13.896931094383323, 13.317892298784018, 47.19166184134337, 10.422698320787493, 6.658946149392009]}