{"upperx": 0.03188563516596332, "lowerx": -0.03203071834286675, "uppery": 0.037271589924785076, "lowery": -0.03719974779596669, "freqsx": [33.88305847076462, 79.76011994003, 70.76461769115443, 37.481259370314845, 100.14992503748127, 82.15892053973013, 334.0329835082459, 111.8440779610195, 108.5457271364318, 71.06446776611695], "freqsy": [33.88305847076462, 23.68815592203898, 82.45877061469265, 94.75262368815592, 104.94752623688156, 101.04947526236882, 97.4512743628186, 23.9880059970015, 408.69565217391306, 59.67016491754123]}