{"upperx": 0.32818254388985224, "lowerx": -0.32789771698298864, "uppery": 0.42809662979561836, "lowery": -0.42833270865958184, "freqsx": [33.88305847076462, 79.76011994003, 96.25187406296853, 89.05547226386807, 90.55472263868066, 70.76461769115443, 492.6536731634183, 109.44527736131934, 126.53673163418291, 113.04347826086958], "freqsy": [33.88305847076462, 101.04947526236882, 98.05097451274364, 94.4527736131934, 79.46026986506747, 104.94752623688156, 90.25487256371814, 70.76461769115443, 120.83958020989506, 113.04347826086958]}