{"upperx": 0.13394157143920893, "lowerx": -0.13406922367721563, "uppery": 0.16297686791949673, "lowery": -0.16284529917902546, "freqsx": [33.88305847076462, 79.76011994003, 96.25187406296853, 80.35982008995502, 80.0599700149925, 100.14992503748127, 135.23238380809596, 98.05097451274364, 113.04347826086958, 90.55472263868066], "freqsy": [33.88305847076462, 146.62668665667167, 87.25637181409296, 62.66866566716642, 90.25487256371814, 120.83958020989506, 59.67016491754123, 98.05097451274364, 63.26836581709146, 82.45877061469265]}