{"upperx": 0.31773691083071753, "lowerx": -0.31813339685322717, "uppery": 0.5416995870764367, "lowery": -0.5425300312344916, "freqsx": [33.88305847076462, 62.06896551724138, 33.5832083958021, 465.9670164917541, 107.04647676161919, 155.32233883058473, 140.9295352323838, 293.8530734632684, 96.25187406296853, 116.04197901049476], "freqsy": [33.88305847076462, 34.18290854572714, 33.28335832083958, 102.54872563718142, 74.06296851574213, 23.68815592203898, 33.5832083958021, 271.664167916042, 43.1784107946027, 22.788605697151425]}