{"upperx": 0.11085479310713708, "lowerx": -0.11407664068974555, "uppery": 0.10200263069418725, "lowery": -0.10166554643365089, "freqsx": [30.88455772113943, 31.18440779610195, 31.484257871064468, 62.06896551724138, 62.3688155922039, 93.25337331334333, 30.584707646176913, 61.76911544227886, 33.88305847076462, 92.95352323838081], "freqsy": [33.88305847076462, 31.18440779610195, 22.488755622188908, 61.76911544227886, 60.869565217391305, 58.77061469265367, 59.070464767616194, 93.25337331334333, 60.26986506746627, 70.16491754122939]}