{"upperx": 0.05898872038233094, "lowerx": -0.05963265502941795, "uppery": 0.15664717865001876, "lowery": -0.15621933776128571, "freqsx": [33.88305847076462, 370.3148425787107, 102.2488755622189, 98.95052473763118, 101.64917541229386, 110.3448275862069, 371.21439280359823, 100.14992503748127, 108.5457271364318, 23.388305847076463], "freqsy": [33.88305847076462, 96.55172413793103, 131.0344827586207, 112.44377811094454, 80.0599700149925, 99.55022488755623, 86.65667166416792, 122.03898050974513, 67.46626686656671, 59.97001499250375]}