{"upperx": 0.1983842677436769, "lowerx": -0.20327201718464494, "uppery": 0.24909061897778884, "lowery": -0.24857198487734422, "freqsx": [31.18440779610195, 30.88455772113943, 93.55322338830585, 31.484257871064468, 61.469265367316346, 93.25337331334333, 92.95352323838081, 61.76911544227886, 62.66866566716642, 30.584707646176913], "freqsy": [33.88305847076462, 91.75412293853074, 62.06896551724138, 102.54872563718142, 31.18440779610195, 30.88455772113943, 118.44077961019491, 144.52773613193403, 145.42728635682158, 104.34782608695653]}