{"upperx": 0.10675012955471175, "lowerx": -0.10696897765592439, "uppery": 0.10888280082508572, "lowery": -0.10882796984151355, "freqsx": [33.88305847076462, 79.76011994003, 70.16491754122939, 70.76461769115443, 82.15892053973013, 96.85157421289355, 100.14992503748127, 35.382308845577214, 111.8440779610195, 101.94902548725638], "freqsy": [33.88305847076462, 23.68815592203898, 67.1664167916042, 82.45877061469265, 58.17091454272864, 101.04947526236882, 59.67016491754123, 41.67916041979011, 50.67466266866567, 23.9880059970015]}