{"upperx": 0.06754504371929215, "lowerx": -0.06776096816611243, "uppery": 0.0783139106897579, "lowery": -0.07820131135304109, "freqsx": [33.88305847076462, 74.96251874062969, 111.54422788605697, 82.15892053973013, 96.25187406296853, 89.35532233883059, 86.05697151424289, 75.56221889055473, 80.35982008995502, 98.65067466266866], "freqsy": [33.88305847076462, 66.86656671664169, 91.75412293853074, 82.45877061469265, 98.05097451274364, 79.46026986506747, 131.63418290854574, 59.67016491754123, 149.02548725637183, 80.0599700149925]}