{"upperx": 0.18062505856505595, "lowerx": -0.1806600691343192, "uppery": 0.17726767438580282, "lowery": -0.1769396401650738, "freqsx": [33.88305847076462, 111.8440779610195, 101.94902548725638, 96.85157421289355, 72.56371814092954, 96.25187406296853, 37.481259370314845, 74.36281859070465, 80.0599700149925, 70.76461769115443], "freqsy": [33.88305847076462, 82.45877061469265, 59.67016491754123, 23.68815592203898, 104.94752623688156, 61.76911544227886, 41.67916041979011, 50.67466266866567, 70.76461769115443, 465.9670164917541]}