{"upperx": 0.015790340621606447, "lowerx": -0.01589145125763025, "uppery": 0.014999319544585887, "lowery": -0.014803339050558861, "freqsx": [26.68665667166417, 53.37331334332834, 127.43628185907048, 42.27886056971514, 85.15742128935533, 30.88455772113943, 110.04497751124438, 74.66266866566717, 91.45427286356822, 53.673163418290855], "freqsy": [53.37331334332834, 30.88455772113943, 31.18440779610195, 101.34932533733134, 66.26686656671664, 60.56971514242879, 59.67016491754123, 26.68665667166417, 116.6416791604198, 92.95352323838081]}