{"upperx": 0.043051351014582906, "lowerx": -0.04319692946592113, "uppery": 0.04295853868825361, "lowery": -0.04257740295724943, "freqsx": [53.37331334332834, 26.68665667166417, 85.15742128935533, 119.34032983508246, 30.88455772113943, 42.27886056971514, 56.67166416791604, 91.45427286356822, 145.12743628185908, 73.4632683658171], "freqsy": [53.37331334332834, 26.68665667166417, 53.973013493253376, 101.34932533733134, 66.26686656671664, 101.04947526236882, 326.5367316341829, 60.56971514242879, 100.14992503748127, 59.070464767616194]}