{"upperx": 0.11001380046945997, "lowerx": -0.11037511119502597, "uppery": 0.24019834864884615, "lowery": -0.23899840842932463, "freqsx": [31.18440779610195, 62.3688155922039, 62.06896551724138, 30.88455772113943, 93.25337331334333, 26.68665667166417, 92.35382308845577, 30.584707646176913, 93.55322338830585, 91.75412293853074], "freqsy": [53.37331334332834, 53.673163418290855, 30.88455772113943, 53.973013493253376, 93.25337331334333, 53.07346326836582, 446.4767616191904, 202.69865067466267, 93.85307346326837, 54.57271364317841]}