{"upperx": 0.02784537606930826, "lowerx": -0.02801155961060431, "uppery": 0.03202734461228829, "lowery": -0.031745493950438686, "freqsx": [53.37331334332834, 26.68665667166417, 30.88455772113943, 55.47226386806597, 42.27886056971514, 85.15742128935533, 87.25637181409296, 34.48275862068966, 57.27136431784108, 91.45427286356822], "freqsy": [53.37331334332834, 66.26686656671664, 60.56971514242879, 101.34932533733134, 26.68665667166417, 53.973013493253376, 101.04947526236882, 18.290854572713645, 97.4512743628186, 69.56521739130434]}