{"upperx": 0.27862577559426427, "lowerx": -0.27986083505675197, "uppery": 0.481611801602412, "lowery": -0.4802827999810688, "freqsx": [62.3688155922039, 62.06896551724138, 53.37331334332834, 124.43778110944528, 123.53823088455772, 251.87406296851574, 26.68665667166417, 95.952023988006, 53.673163418290855, 122.93853073463269], "freqsy": [53.37331334332834, 53.673163418290855, 62.06896551724138, 31.18440779610195, 93.25337331334333, 53.973013493253376, 62.3688155922039, 53.07346326836582, 80.35982008995502, 61.469265367316346]}