{"upperx": 0.16163802702794783, "lowerx": -0.16191742758383043, "uppery": 0.13303615400218405, "lowery": -0.13272842517471872, "freqsx": [53.37331334332834, 85.15742128935533, 134.93253373313343, 118.14092953523239, 73.4632683658171, 113.6431784107946, 53.673163418290855, 123.53823088455772, 91.75412293853074, 73.7631184407796], "freqsy": [121.43928035982009, 101.34932533733134, 474.6626686656672, 53.37331334332834, 265.3673163418291, 50.67466266866567, 97.4512743628186, 357.42128935532236, 103.14842578710645, 356.82158920539734]}