{"upperx": 0.0681737929044175, "lowerx": -0.0683865763785434, "uppery": 0.05161521209811326, "lowery": -0.05141438172722701, "freqsx": [85.15742128935533, 95.35232383808096, 53.37331334332834, 53.673163418290855, 46.776611694152926, 102.2488755622189, 30.88455772113943, 62.968515742128936, 116.04197901049476, 126.2368815592204], "freqsy": [101.34932533733134, 313.3433283358321, 53.37331334332834, 113.04347826086958, 127.73613193403298, 97.4512743628186, 121.43928035982009, 86.65667166416792, 96.25187406296853, 75.56221889055473]}