{"upperx": 0.03309005210030591, "lowerx": -0.03321584789227927, "uppery": 0.024387406498135533, "lowery": -0.02418409629171947, "freqsx": [85.15742128935533, 26.68665667166417, 53.37331334332834, 133.73313343328337, 81.85907046476763, 81.5592203898051, 30.88455772113943, 86.65667166416792, 42.27886056971514, 91.45427286356822], "freqsy": [30.88455772113943, 46.176911544227885, 53.37331334332834, 129.5352323838081, 82.75862068965517, 78.56071964017991, 84.8575712143928, 59.67016491754123, 49.17541229385308, 51.27436281859071]}