{"upperx": 0.07070162215677556, "lowerx": -0.07091807505639736, "uppery": 0.10818662805831991, "lowery": -0.10773917721235193, "freqsx": [31.18440779610195, 30.88455772113943, 31.78410794602699, 62.3688155922039, 63.56821589205398, 30.584707646176913, 32.083958020989506, 62.66866566716642, 62.06896551724138, 29.985007496251875], "freqsy": [53.37331334332834, 30.88455772113943, 53.673163418290855, 32.38380809595203, 32.083958020989506, 93.25337331334333, 32.98350824587706, 30.284857571214395, 31.78410794602699, 28.48575712143928]}