{"upperx": 0.07030384672543732, "lowerx": -0.07052250894048484, "uppery": 0.07072580637031933, "lowery": -0.07055825708812336, "freqsx": [26.68665667166417, 53.37331334332834, 42.27886056971514, 30.88455772113943, 85.15742128935533, 91.45427286356822, 102.84857571214393, 116.04197901049476, 88.75562218890555, 57.27136431784108], "freqsy": [53.37331334332834, 69.56521739130434, 66.26686656671664, 62.3688155922039, 53.973013493253376, 26.68665667166417, 57.5712143928036, 81.25937031484258, 60.56971514242879, 87.25637181409296]}