{"upperx": 0.05653217144572409, "lowerx": -0.056299029958609026, "uppery": 0.05403457492502639, "lowery": -0.05413263380614808, "freqsx": [53.673163418290855, 26.68665667166417, 53.37331334332834, 26.986506746626688, 53.07346326836582, 80.35982008995502, 26.38680659670165, 53.973013493253376, 446.4767616191904, 54.2728635682159], "freqsy": [26.68665667166417, 53.673163418290855, 26.986506746626688, 53.37331334332834, 473.16341829085457, 26.086956521739133, 26.38680659670165, 33.28335832083958, 107.04647676161919, 45.87706146926537]}