{"upperx": 0.21736102481372654, "lowerx": -0.21503824810497463, "uppery": 0.17464728772756644, "lowery": -0.17559692889335565, "freqsx": [53.673163418290855, 26.68665667166417, 53.37331334332834, 26.986506746626688, 80.35982008995502, 53.973013493253376, 26.38680659670165, 54.2728635682159, 446.4767616191904, 27.286356821589205], "freqsy": [53.673163418290855, 26.68665667166417, 26.986506746626688, 53.37331334332834, 80.35982008995502, 54.2728635682159, 26.38680659670165, 446.4767616191904, 26.086956521739133, 301.64917541229386]}