{"upperx": 0.13264030298159923, "lowerx": -0.13248874912096653, "uppery": 0.09313689478949527, "lowery": -0.09303572467251797, "freqsx": [53.673163418290855, 26.68665667166417, 53.37331334332834, 80.35982008995502, 53.973013493253376, 134.03298350824588, 26.986506746626688, 53.07346326836582, 26.38680659670165, 54.57271364317841], "freqsy": [53.673163418290855, 26.68665667166417, 26.986506746626688, 80.35982008995502, 54.2728635682159, 26.086956521739133, 130.43478260869566, 55.47226386806597, 26.38680659670165, 28.7856071964018]}