{"upperx": 0.036010060444823466, "lowerx": -0.03576392495597247, "uppery": 0.047315714156866306, "lowery": -0.0473914544818399, "freqsx": [53.673163418290855, 26.68665667166417, 53.37331334332834, 26.986506746626688, 53.973013493253376, 80.35982008995502, 26.38680659670165, 194.30284857571215, 446.4767616191904, 53.07346326836582], "freqsy": [53.673163418290855, 26.68665667166417, 26.986506746626688, 53.37331334332834, 473.16341829085457, 247.97601199400302, 26.38680659670165, 80.35982008995502, 54.2728635682159, 26.086956521739133]}