{"upperx": 0.08503525506239384, "lowerx": -0.08388459135312587, "uppery": 0.09999169627553783, "lowery": -0.10059893658035435, "freqsx": [53.673163418290855, 26.68665667166417, 80.35982008995502, 26.986506746626688, 53.37331334332834, 26.38680659670165, 53.973013493253376, 446.4767616191904, 26.086956521739133, 52.7736131934033], "freqsy": [53.673163418290855, 26.68665667166417, 26.986506746626688, 26.38680659670165, 53.37331334332834, 80.35982008995502, 26.086956521739133, 473.16341829085457, 27.286356821589205, 54.2728635682159]}