{"upperx": 0.2080168761240202, "lowerx": -0.20791577921045246, "uppery": 0.24856805337185506, "lowery": -0.24826990532164928, "freqsx": [53.673163418290855, 26.68665667166417, 53.37331334332834, 26.986506746626688, 53.973013493253376, 26.38680659670165, 446.4767616191904, 194.30284857571215, 80.35982008995502, 53.07346326836582], "freqsy": [53.673163418290855, 26.68665667166417, 26.986506746626688, 53.37331334332834, 26.38680659670165, 54.2728635682159, 473.16341829085457, 301.64917541229386, 26.086956521739133, 27.586206896551726]}