{"upperx": 0.40238501921703573, "lowerx": -0.4022007058520103, "uppery": 0.23768068454228342, "lowery": -0.23659953870810568, "freqsx": [53.673163418290855, 26.68665667166417, 53.37331334332834, 134.03298350824588, 80.35982008995502, 53.973013493253376, 26.986506746626688, 53.07346326836582, 160.71964017991004, 305.5472263868066], "freqsy": [53.673163418290855, 26.68665667166417, 80.35982008995502, 26.986506746626688, 87.856071964018, 80.0599700149925, 53.37331334332834, 107.04647676161919, 121.13943028485758, 54.2728635682159]}