{"upperx": 0.06954948752536438, "lowerx": -0.06890238673076965, "uppery": 0.07087197373039089, "lowery": -0.07128604283207096, "freqsx": [53.673163418290855, 26.68665667166417, 26.986506746626688, 80.35982008995502, 53.37331334332834, 26.38680659670165, 53.973013493253376, 134.03298350824588, 53.07346326836582, 27.286356821589205], "freqsy": [26.68665667166417, 53.673163418290855, 26.986506746626688, 26.38680659670165, 53.37331334332834, 26.086956521739133, 473.16341829085457, 54.2728635682159, 29.08545727136432, 52.47376311844078]}