{"upperx": 0.11822013143682852, "lowerx": -0.11796252097701654, "uppery": 0.14642369001330735, "lowery": -0.1464141458350241, "freqsx": [53.673163418290855, 26.68665667166417, 53.37331334332834, 26.986506746626688, 53.973013493253376, 446.4767616191904, 26.38680659670165, 80.35982008995502, 305.5472263868066, 53.07346326836582], "freqsy": [53.673163418290855, 26.68665667166417, 26.986506746626688, 53.37331334332834, 26.38680659670165, 27.586206896551726, 54.2728635682159, 26.086956521739133, 301.64917541229386, 473.16341829085457]}