{"upperx": 0.08631715797673678, "lowerx": -0.08609280116070295, "uppery": 0.10331539438993786, "lowery": -0.10342739893167163, "freqsx": [53.673163418290855, 26.68665667166417, 53.37331334332834, 26.986506746626688, 80.35982008995502, 53.973013493253376, 446.4767616191904, 26.38680659670165, 194.30284857571215, 305.5472263868066], "freqsy": [53.673163418290855, 26.68665667166417, 26.986506746626688, 53.37331334332834, 26.38680659670165, 473.16341829085457, 301.64917541229386, 54.2728635682159, 26.086956521739133, 66.86656671664169]}