{"upperx": 6.257492271630326, "lowerx": -6.257812293799361, "uppery": 2.226134094875306, "lowery": -2.240939107257873, "freqsx": [33.78378378378378, 34.06531531531532, 33.502252252252255, 34.34684684684685, 33.22072072072072, 34.62837837837838, 32.93918918918919, 34.90990990990991, 32.65765765765766, 35.19144144144144], "freqsy": [33.78378378378378, 34.06531531531532, 33.502252252252255, 34.34684684684685, 67.8490990990991, 34.62837837837838, 33.22072072072072, 80.51801801801803, 91.21621621621622, 34.90990990990991]}