{"upperx": 3.278683258278761, "lowerx": -3.279174016730394, "uppery": 1.7827234748692717, "lowery": -1.782305311789969, "freqsx": [33.82187147688838, 34.103720405862454, 101.74746335963923, 33.54002254791432, 34.385569334836525, 34.667418263810596, 33.25817361894025, 34.94926719278467, 32.97632468996618, 67.92559188275084], "freqsy": [33.82187147688838, 34.103720405862454, 101.74746335963923, 91.03720405862457, 33.54002254791432, 67.64374295377677, 67.92559188275084, 34.385569334836525, 67.3618940248027, 80.60879368658398]}