{"upperx": 13.885310310404748, "lowerx": -13.878863197285682, "uppery": 5.4912042510695755, "lowery": -5.5063662636093795, "freqsx": [33.78378378378378, 34.06531531531532, 33.502252252252255, 34.34684684684685, 33.22072072072072, 34.62837837837838, 32.93918918918919, 34.90990990990991, 80.51801801801803, 32.65765765765766], "freqsy": [33.78378378378378, 34.06531531531532, 33.502252252252255, 67.8490990990991, 34.34684684684685, 33.22072072072072, 34.90990990990991, 80.51801801801803, 34.62837837837838, 101.63288288288288]}