{"upperx": 2.001588886952959, "lowerx": -2.0032492220634595, "uppery": 0.6170371159969363, "lowery": -0.6177795842231717, "freqsx": [33.82187147688838, 34.103720405862454, 67.92559188275084, 67.64374295377677, 33.54002254791432, 34.385569334836525, 68.20744081172491, 101.74746335963923, 67.3618940248027, 80.60879368658398], "freqsy": [33.82187147688838, 34.103720405862454, 101.74746335963923, 67.92559188275084, 33.54002254791432, 91.03720405862457, 80.60879368658398, 120.06764374295376, 68.20744081172491, 114.99436302142051]}