{"upperx": 2.2093400227604434, "lowerx": -2.2110380661906675, "uppery": 0.929516542237252, "lowery": -0.9429101464338601, "freqsx": [33.82187147688838, 34.103720405862454, 33.54002254791432, 34.385569334836525, 101.74746335963923, 33.25817361894025, 34.667418263810596, 32.97632468996618, 34.94926719278467, 91.03720405862457], "freqsy": [33.82187147688838, 34.103720405862454, 101.74746335963923, 91.03720405862457, 33.54002254791432, 67.92559188275084, 67.64374295377677, 33.25817361894025, 34.385569334836525, 67.3618940248027]}