{"upperx": 4.190912269987166, "lowerx": -4.187554097734392, "uppery": 1.009538318729028, "lowery": -1.0039815048221499, "freqsx": [33.82187147688838, 34.103720405862454, 67.92559188275084, 67.64374295377677, 101.74746335963923, 33.54002254791432, 114.43066516347237, 34.385569334836525, 33.25817361894025, 34.667418263810596], "freqsy": [33.82187147688838, 34.103720405862454, 67.92559188275084, 33.54002254791432, 101.74746335963923, 34.385569334836525, 91.03720405862457, 33.25817361894025, 34.94926719278467, 32.97632468996618]}