{"upperx": 1.6125247339368798, "lowerx": -1.6142517467378639, "uppery": 0.7092813334893435, "lowery": -0.7151666500139982, "freqsx": [33.82187147688838, 34.103720405862454, 33.54002254791432, 34.385569334836525, 33.25817361894025, 34.667418263810596, 101.74746335963923, 32.97632468996618, 91.03720405862457, 34.94926719278467], "freqsy": [33.82187147688838, 34.103720405862454, 101.74746335963923, 91.03720405862457, 33.54002254791432, 67.92559188275084, 33.25817361894025, 115.55806087936865, 67.64374295377677, 68.20744081172491]}