{"upperx": 3.25933114689542, "lowerx": -3.260912974656094, "uppery": 1.1551330311922356, "lowery": -1.158594645676203, "freqsx": [33.78378378378378, 34.06531531531532, 33.502252252252255, 34.34684684684685, 33.22072072072072, 34.62837837837838, 67.8490990990991, 101.63288288288288, 34.90990990990991, 32.93918918918919], "freqsy": [33.78378378378378, 34.06531531531532, 33.502252252252255, 34.34684684684685, 67.8490990990991, 33.22072072072072, 34.62837837837838, 91.21621621621622, 67.28603603603604, 90.93468468468468]}