{"upperx": 8.72560865309788, "lowerx": -8.726823025674094, "uppery": 2.4890054072020575, "lowery": -2.486626068246551, "freqsx": [33.82187147688838, 34.103720405862454, 101.74746335963923, 33.54002254791432, 34.385569334836525, 67.92559188275084, 33.25817361894025, 34.667418263810596, 67.64374295377677, 34.94926719278467], "freqsy": [33.82187147688838, 34.103720405862454, 33.54002254791432, 67.92559188275084, 101.74746335963923, 34.385569334836525, 67.64374295377677, 33.25817361894025, 91.03720405862457, 114.43066516347237]}