{"upperx": 0.7428963929414749, "lowerx": -0.7450805157423019, "uppery": 0.3773738413583487, "lowery": -0.3786540657747537, "freqsx": [33.82187147688838, 34.103720405862454, 33.54002254791432, 34.385569334836525, 33.25817361894025, 34.667418263810596, 32.97632468996618, 80.60879368658398, 34.94926719278467, 67.92559188275084], "freqsy": [33.82187147688838, 34.103720405862454, 101.74746335963923, 91.03720405862457, 33.54002254791432, 115.83990980834272, 34.385569334836525, 33.25817361894025, 115.55806087936865, 68.20744081172491]}