{"upperx": 0.06902478363281261, "lowerx": -0.06901524860495556, "uppery": 0.12903143395669758, "lowery": -0.12805311451666057, "freqsx": [17.691154422788607, 11.694152923538232, 66.86656671664169, 84.55772113943029, 29.385307346326837, 78.56071964017991, 55.17241379310345, 54.87256371814093, 70.76461769115443, 43.1784107946027], "freqsy": [7.796101949025488, 29.385307346326837, 35.382308845577214, 21.58920539730135, 31.484257871064468, 15.592203898050975, 25.487256371814095, 5.997001499250375, 13.793103448275863, 43.1784107946027]}