{"upperx": 0.14149497507605702, "lowerx": -0.14202768297400326, "uppery": 0.24441421194933355, "lowery": -0.2519317849073559, "freqsx": [5.697151424287856, 0.29985007496251875, 0.5997001499250375, 11.694152923538232, 5.397301349325337, 0.8995502248875562, 1.199400299850075, 5.997001499250375, 1.4992503748125938, 6.8965517241379315], "freqsy": [0.5997001499250375, 0.8995502248875562, 0.29985007496251875, 5.697151424287856, 7.796101949025488, 1.199400299850075, 4.497751124437781, 8.095952023988007, 5.397301349325337, 47.07646176911545]}