{"upperx": 0.06582532334141433, "lowerx": -0.059318335028365254, "uppery": 0.09743147157132626, "lowery": -0.08844506554305553, "freqsx": [5.997001499250375, 11.694152923538232, 5.697151424287856, 0.0, 11.394302848575713, 0.29985007496251875, 11.99400299850075, 11.094452773613193, 29.685157421289357, 5.397301349325337], "freqsy": [0.0, 7.796101949025488, 23.68815592203898, 5.697151424287856, 5.397301349325337, 47.07646176911545, 5.997001499250375, 5.097451274362819, 11.094452773613193, 10.794602698650674]}