{"upperx": 0.0842618360184133, "lowerx": -0.08452270412817597, "uppery": 0.19375572027638555, "lowery": -0.18991013942286372, "freqsx": [11.694152923538232, 65.96701649175412, 5.997001499250375, 84.8575712143928, 47.07646176911545, 59.070464767616194, 69.86506746626686, 35.382308845577214, 94.1529235382309, 51.874062968515744], "freqsy": [47.07646176911545, 23.68815592203898, 82.15892053973013, 69.26536731634184, 107.94602698650675, 23.388305847076463, 77.06146926536732, 125.03748125937032, 7.796101949025488, 94.1529235382309]}