{"upperx": 0.2024920289113652, "lowerx": -0.2032205160066951, "uppery": 0.4934599195839837, "lowery": -0.4900411273119971, "freqsx": [94.1529235382309, 84.8575712143928, 117.54122938530735, 88.75562218890555, 71.06446776611695, 91.45427286356822, 82.45877061469265, 51.874062968515744, 50.97451274362819, 130.43478260869566], "freqsy": [105.84707646176912, 69.26536731634184, 82.15892053973013, 108.5457271364318, 47.07646176911545, 62.968515742128936, 23.68815592203898, 94.1529235382309, 61.469265367316346, 96.25187406296853]}