{"upperx": 0.03450619381328579, "lowerx": -0.034288846436538734, "uppery": 0.07872388159739785, "lowery": -0.07780418152105995, "freqsx": [41.079460269865066, 41.37931034482759, 23.68815592203898, 45.27736131934033, 29.385307346326837, 47.37631184407796, 47.07646176911545, 53.07346326836582, 7.796101949025488, 35.382308845577214], "freqsy": [7.796101949025488, 47.07646176911545, 23.68815592203898, 15.592203898050975, 15.892053973013494, 39.280359820089956, 51.27436281859071, 35.382308845577214, 50.97451274362819, 247.97601199400302]}