{"upperx": 0.10571847873507068, "lowerx": -0.10517914575757459, "uppery": 0.15053080071811564, "lowery": -0.15139856140012853, "freqsx": [31.484257871064468, 47.07646176911545, 89.95502248875563, 96.85157421289355, 78.56071964017991, 100.14992503748127, 60.869565217391305, 55.17241379310345, 41.079460269865066, 68.6656671664168], "freqsy": [7.796101949025488, 33.28335832083958, 15.592203898050975, 63.26836581709146, 47.07646176911545, 44.377811094452774, 15.892053973013494, 21.58920539730135, 39.280359820089956, 8.095952023988007]}