{"upperx": 0.0459885248565115, "lowerx": -0.04463973030215129, "uppery": 0.09399760654196143, "lowery": -0.09005522960796952, "freqsx": [5.997001499250375, 11.694152923538232, 29.385307346326837, 5.697151424287856, 29.685157421289357, 11.99400299850075, 41.37931034482759, 47.07646176911545, 35.382308845577214, 40.47976011994003], "freqsy": [7.796101949025488, 23.68815592203898, 47.07646176911545, 17.691154422788607, 23.388305847076463, 11.694152923538232, 107.94602698650675, 15.592203898050975, 69.26536731634184, 74.66266866566717]}