{"upperx": 0.1599348740419373, "lowerx": -0.1626948161283508, "uppery": 0.2860362185165286, "lowery": -0.29257232416421175, "freqsx": [0.5997001499250375, 0.8995502248875562, 5.397301349325337, 5.097451274362819, 1.199400299850075, 0.29985007496251875, 4.7976011994003, 1.4992503748125938, 5.697151424287856, 11.694152923538232], "freqsy": [0.8995502248875562, 0.5997001499250375, 1.199400299850075, 47.07646176911545, 1.4992503748125938, 0.29985007496251875, 11.694152923538232, 5.997001499250375, 5.697151424287856, 63.56821589205398]}