{"upperx": 0.15299533098004758, "lowerx": -0.15429958910681307, "uppery": 0.24556589871644974, "lowery": -0.2527254596352577, "freqsx": [5.397301349325337, 5.697151424287856, 0.29985007496251875, 0.5997001499250375, 0.8995502248875562, 11.694152923538232, 1.199400299850075, 5.097451274362819, 5.997001499250375, 3.2983508245877062], "freqsy": [0.5997001499250375, 0.8995502248875562, 1.199400299850075, 0.29985007496251875, 5.697151424287856, 1.4992503748125938, 4.497751124437781, 4.197901049475263, 3.898050974512744, 4.7976011994003]}