{"upperx": 0.09195556338818278, "lowerx": -0.09158708307950292, "uppery": 0.17420675477478653, "lowery": -0.17368592449929565, "freqsx": [35.382308845577214, 35.08245877061469, 32.98350824587706, 35.682158920539734, 35.98200899550225, 36.28185907046477, 34.48275862068966, 34.78260869565217, 32.68365817091454, 37.181409295352324], "freqsy": [94.4527736131934, 141.82908545727136, 64.76761619190405, 64.46776611694153, 47.37631184407796, 62.66866566716642, 60.26986506746627, 109.14542728635682, 124.13793103448276, 24.58770614692654]}