{"upperx": 0.18685739312059013, "lowerx": -0.1866658049475518, "uppery": 0.3711547326820437, "lowery": -0.37047051670379005, "freqsx": [35.382308845577214, 35.08245877061469, 35.682158920539734, 94.4527736131934, 36.28185907046477, 35.98200899550225, 36.58170914542729, 34.78260869565217, 34.48275862068966, 89.05547226386807], "freqsy": [141.82908545727136, 94.4527736131934, 63.56821589205398, 108.24587706146927, 64.76761619190405, 64.46776611694153, 106.44677661169416, 101.64917541229386, 96.55172413793103, 63.26836581709146]}