{"upperx": 0.028863055755209643, "lowerx": -0.028668008621025365, "uppery": 0.066476618492743, "lowery": -0.06613238752470352, "freqsx": [35.08245877061469, 35.682158920539734, 32.98350824587706, 33.28335832083958, 35.382308845577214, 35.98200899550225, 34.48275862068966, 32.38380809595203, 36.28185907046477, 34.78260869565217], "freqsy": [63.26836581709146, 63.86806596701649, 64.16791604197901, 93.55322338830585, 64.76761619190405, 65.6671664167916, 65.06746626686657, 63.56821589205398, 62.06896551724138, 65.96701649175412]}