{"upperx": 0.07245745322870789, "lowerx": -0.07225022651982727, "uppery": 0.14604815475468058, "lowery": -0.14570680625911336, "freqsx": [35.08245877061469, 35.382308845577214, 32.98350824587706, 35.682158920539734, 36.28185907046477, 33.88305847076462, 33.28335832083958, 35.98200899550225, 34.48275862068966, 36.58170914542729], "freqsy": [64.76761619190405, 64.46776611694153, 63.86806596701649, 63.26836581709146, 63.56821589205398, 56.37181409295353, 62.66866566716642, 64.16791604197901, 58.17091454272864, 101.64917541229386]}