{"upperx": 0.05424625740852207, "lowerx": -0.0540401196340099, "uppery": 0.10010822532785824, "lowery": -0.0998702156721265, "freqsx": [35.08245877061469, 35.382308845577214, 35.682158920539734, 35.98200899550225, 34.48275862068966, 32.98350824587706, 34.78260869565217, 36.28185907046477, 36.58170914542729, 32.68365817091454], "freqsy": [94.4527736131934, 64.76761619190405, 70.76461769115443, 141.82908545727136, 47.37631184407796, 58.17091454272864, 24.58770614692654, 54.57271364317841, 64.46776611694153, 63.56821589205398]}