{"upperx": 0.04065219024778344, "lowerx": -0.0401322293037083, "uppery": 0.06679626397090033, "lowery": -0.06576519989175722, "freqsx": [35.382308845577214, 34.78260869565217, 34.18290854572714, 34.48275862068966, 35.682158920539734, 32.98350824587706, 33.88305847076462, 35.98200899550225, 35.08245877061469, 33.28335832083958], "freqsy": [11.99400299850075, 62.06896551724138, 24.887556221889056, 63.86806596701649, 60.869565217391305, 24.58770614692654, 7.796101949025488, 23.388305847076463, 10.194902548725638, 23.088455772113942]}