{"upperx": 0.01820852523087524, "lowerx": -0.018028942780802026, "uppery": 0.04159078227530699, "lowery": -0.04129435455251951, "freqsx": [35.382308845577214, 35.08245877061469, 35.682158920539734, 32.98350824587706, 34.48275862068966, 32.68365817091454, 35.98200899550225, 34.78260869565217, 36.28185907046477, 89.05547226386807], "freqsy": [141.82908545727136, 94.4527736131934, 64.76761619190405, 109.14542728635682, 47.37631184407796, 145.72713643178412, 60.26986506746627, 62.66866566716642, 63.56821589205398, 116.94152923538232]}