{"upperx": 0.06307327124522999, "lowerx": -0.06217539560748264, "uppery": 0.1098543344414793, "lowery": -0.1081654267036356, "freqsx": [35.682158920539734, 35.98200899550225, 35.382308845577214, 32.98350824587706, 35.08245877061469, 33.88305847076462, 33.28335832083958, 34.78260869565217, 34.48275862068966, 36.28185907046477], "freqsy": [7.796101949025488, 62.06896551724138, 25.187406296851574, 26.086956521739133, 24.887556221889056, 24.58770614692654, 11.99400299850075, 24.28785607196402, 25.787106446776612, 25.487256371814095]}