{"upperx": 0.13023275893647224, "lowerx": -0.12836039799731225, "uppery": 0.222311083227396, "lowery": -0.21912718936800957, "freqsx": [35.08245877061469, 35.382308845577214, 32.98350824587706, 35.98200899550225, 34.78260869565217, 36.28185907046477, 34.48275862068966, 33.88305847076462, 35.682158920539734, 36.58170914542729], "freqsy": [62.06896551724138, 7.796101949025488, 23.088455772113942, 62.66866566716642, 61.169415292353825, 24.887556221889056, 60.869565217391305, 61.76911544227886, 64.46776611694153, 62.3688155922039]}