{"upperx": 0.03793130929261679, "lowerx": -0.0377656358978129, "uppery": 0.07913169346284121, "lowery": -0.07884391315747052, "freqsx": [35.382308845577214, 35.08245877061469, 35.682158920539734, 34.48275862068966, 32.98350824587706, 33.28335832083958, 35.98200899550225, 36.58170914542729, 34.78260869565217, 32.68365817091454], "freqsy": [94.4527736131934, 60.26986506746627, 54.57271364317841, 141.82908545727136, 64.76761619190405, 62.66866566716642, 158.3208395802099, 47.37631184407796, 115.44227886056971, 59.97001499250375]}