{"upperx": 2.935055094305426, "lowerx": -2.9293005890212953, "uppery": 1.148125330451876, "lowery": -1.1393056116066873, "freqsx": [26.181818181818187, 25.909090909090914, 26.454545454545457, 25.63636363636364, 16.90909090909091, 25.363636363636367, 18.81818181818182, 20.72727272727273, 26.72727272727273, 25.090909090909093], "freqsy": [26.181818181818187, 25.909090909090914, 7.090909090909092, 7.636363636363638, 29.181818181818187, 6.545454545454547, 27.272727272727277, 7.90909090909091, 25.363636363636367, 15.545454545454547]}