{"upperx": 0.4167627433780581, "lowerx": -0.42163723311387, "uppery": 1.1289425167196896, "lowery": -1.1291388002282474, "freqsx": [26.181818181818187, 28.090909090909093, 28.909090909090914, 29.72727272727273, 28.63636363636364, 9.000000000000002, 28.363636363636367, 29.181818181818187, 27.000000000000004, 6.272727272727273], "freqsy": [26.181818181818187, 25.909090909090914, 25.363636363636367, 12.81818181818182, 16.90909090909091, 20.181818181818183, 15.000000000000002, 15.545454545454547, 6.545454545454547, 10.90909090909091]}