{"upperx": 1.8515068097622134, "lowerx": -1.8523920969455503, "uppery": 1.1372833931818604, "lowery": -1.118963829241693, "freqsx": [26.181818181818187, 25.909090909090914, 26.454545454545457, 25.63636363636364, 25.363636363636367, 27.000000000000004, 26.72727272727273, 25.090909090909093, 27.272727272727277, 24.81818181818182], "freqsy": [26.181818181818187, 25.909090909090914, 12.81818181818182, 7.636363636363638, 24.000000000000004, 22.363636363636367, 7.090909090909092, 15.545454545454547, 6.545454545454547, 22.909090909090914]}