{"upperx": 1.2121315761469305, "lowerx": -1.2261516288854182, "uppery": 5.601632294245064, "lowery": -5.618032994680107, "freqsx": [29.454545454545457, 29.72727272727273, 26.181818181818187, 24.000000000000004, 28.63636363636364, 6.272727272727273, 22.090909090909093, 5.454545454545455, 28.363636363636367, 17.454545454545457], "freqsy": [26.181818181818187, 25.909090909090914, 27.000000000000004, 20.181818181818183, 6.545454545454547, 28.090909090909093, 16.90909090909091, 15.545454545454547, 18.272727272727273, 21.272727272727277]}