{"upperx": 0.5141054920386523, "lowerx": -0.5193531282711774, "uppery": 2.4165780446492136, "lowery": -2.4185389378108084, "freqsx": [29.72727272727273, 29.454545454545457, 28.909090909090914, 28.363636363636367, 29.181818181818187, 17.72727272727273, 28.63636363636364, 23.454545454545457, 6.272727272727273, 17.181818181818183], "freqsy": [26.181818181818187, 25.909090909090914, 6.545454545454547, 27.000000000000004, 20.181818181818183, 7.363636363636364, 21.272727272727277, 15.545454545454547, 7.090909090909092, 7.90909090909091]}