{"upperx": 0.19157268716662657, "lowerx": -0.19194167242676485, "uppery": 0.6728320606052876, "lowery": -0.6634239070117474, "freqsx": [20.454545454545457, 17.72727272727273, 28.63636363636364, 18.545454545454547, 29.454545454545457, 18.000000000000004, 9.000000000000002, 28.909090909090914, 14.727272727272728, 15.000000000000002], "freqsy": [26.181818181818187, 25.909090909090914, 25.363636363636367, 12.81818181818182, 15.545454545454547, 6.545454545454547, 25.63636363636364, 12.545454545454547, 28.090909090909093, 8.454545454545455]}