{"upperx": 1.311970756854862, "lowerx": -1.3099538222886622, "uppery": 0.4655825849622488, "lowery": -0.4549055937677622, "freqsx": [26.181818181818187, 25.909090909090914, 26.454545454545457, 25.63636363636364, 25.363636363636367, 26.72727272727273, 27.000000000000004, 25.090909090909093, 27.272727272727277, 24.81818181818182], "freqsy": [26.181818181818187, 25.909090909090914, 7.636363636363638, 25.363636363636367, 12.81818181818182, 7.090909090909092, 17.181818181818183, 14.181818181818183, 15.000000000000002, 28.909090909090914]}