{"upperx": 8.108015845064074, "lowerx": -8.111456563230604, "uppery": 3.212551385164261, "lowery": -3.147250145673752, "freqsx": [26.181818181818187, 25.909090909090914, 26.454545454545457, 25.63636363636364, 27.000000000000004, 26.72727272727273, 25.363636363636367, 29.454545454545457, 27.81818181818182, 25.090909090909093], "freqsy": [26.181818181818187, 25.909090909090914, 25.363636363636367, 7.636363636363638, 15.545454545454547, 22.363636363636367, 15.000000000000002, 12.81818181818182, 7.363636363636364, 26.72727272727273]}