{"upperx": 3.0628898295690306, "lowerx": -3.06395433814032, "uppery": 1.7923741918057203, "lowery": -1.7566983122378588, "freqsx": [26.181818181818187, 25.909090909090914, 26.454545454545457, 25.63636363636364, 27.000000000000004, 25.363636363636367, 27.272727272727277, 25.090909090909093, 29.454545454545457, 26.72727272727273], "freqsy": [26.181818181818187, 25.909090909090914, 7.636363636363638, 28.909090909090914, 15.545454545454547, 12.81818181818182, 25.363636363636367, 15.000000000000002, 14.181818181818183, 7.90909090909091]}