{"upperx": 0.21062618505675346, "lowerx": -0.2122647016076371, "uppery": 0.8108764891512692, "lowery": -0.8046589489094913, "freqsx": [28.63636363636364, 28.909090909090914, 29.181818181818187, 26.181818181818187, 28.363636363636367, 6.272727272727273, 27.54545454545455, 21.545454545454547, 29.72727272727273, 29.454545454545457], "freqsy": [26.181818181818187, 25.909090909090914, 25.363636363636367, 25.63636363636364, 12.81818181818182, 6.545454545454547, 12.545454545454547, 10.90909090909091, 8.454545454545455, 15.545454545454547]}