{"upperx": 0.511580090969801, "lowerx": -0.5170052237808704, "uppery": 2.1888241139240563, "lowery": -2.193076792638749, "freqsx": [26.798418972332016, 27.272727272727273, 28.221343873517785, 24.1897233201581, 29.1699604743083, 25.138339920948617, 25.8498023715415, 3.794466403162055, 26.08695652173913, 14.229249011857707], "freqsy": [26.798418972332016, 28.221343873517785, 28.932806324110672, 27.747035573122528, 25.8498023715415, 27.5098814229249, 27.272727272727273, 29.644268774703555, 26.324110671936758, 25.375494071146242]}