{"upperx": 0.29411938041448593, "lowerx": -0.289691798388958, "uppery": 0.5618700159247965, "lowery": -0.5654469656292349, "freqsx": [26.798418972332016, 27.272727272727273, 28.221343873517785, 27.035573122529645, 25.8498023715415, 27.747035573122528, 26.324110671936758, 26.08695652173913, 27.984189723320156, 26.561264822134387], "freqsy": [26.798418972332016, 28.221343873517785, 26.08695652173913, 28.932806324110672, 27.747035573122528, 27.5098814229249, 27.272727272727273, 27.035573122529645, 29.1699604743083, 25.8498023715415]}