{"upperx": 0.14740831530070864, "lowerx": -0.14803434783243574, "uppery": 0.41716411348897964, "lowery": -0.41996726754587144, "freqsx": [26.798418972332016, 28.221343873517785, 15.17786561264822, 29.1699604743083, 14.229249011857707, 27.747035573122528, 25.8498023715415, 28.932806324110672, 27.272727272727273, 24.1897233201581], "freqsy": [26.798418972332016, 27.272727272727273, 25.8498023715415, 27.5098814229249, 25.375494071146242, 28.221343873517785, 27.747035573122528, 26.08695652173913, 28.932806324110672, 26.324110671936758]}