{"upperx": 0.09492080614290899, "lowerx": -0.09476447894849116, "uppery": 0.22958258402650245, "lowery": -0.22894448923761956, "freqsx": [26.798418972332016, 28.221343873517785, 25.8498023715415, 27.272727272727273, 27.747035573122528, 29.1699604743083, 15.17786561264822, 26.324110671936758, 24.90118577075099, 14.229249011857707], "freqsy": [26.798418972332016, 28.221343873517785, 26.08695652173913, 25.375494071146242, 27.5098814229249, 27.272727272727273, 28.932806324110672, 25.8498023715415, 27.747035573122528, 23.478260869565215]}