{"upperx": 0.5491177993826568, "lowerx": -0.5390807730145752, "uppery": 1.0126506127417088, "lowery": -1.0251927338540554, "freqsx": [28.221343873517785, 27.272727272727273, 26.798418972332016, 29.1699604743083, 27.747035573122528, 28.695652173913043, 25.61264822134387, 15.17786561264822, 26.324110671936758, 29.644268774703555], "freqsy": [28.221343873517785, 26.798418972332016, 27.272727272727273, 27.5098814229249, 26.561264822134387, 27.747035573122528, 20.632411067193676, 21.106719367588934, 20.158102766798418, 28.932806324110672]}