{"upperx": 0.31657342542894185, "lowerx": -0.31518626282922924, "uppery": 0.8055303569417447, "lowery": -0.8105526093859226, "freqsx": [26.798418972332016, 28.221343873517785, 15.17786561264822, 25.8498023715415, 27.272727272727273, 14.229249011857707, 29.1699604743083, 27.747035573122528, 24.90118577075099, 25.138339920948617], "freqsy": [26.798418972332016, 27.5098814229249, 28.221343873517785, 27.272727272727273, 25.375494071146242, 28.932806324110672, 25.8498023715415, 26.08695652173913, 20.632411067193676, 22.766798418972332]}