{"upperx": 0.26006665703607723, "lowerx": -0.26132571819471195, "uppery": 0.9313823818665696, "lowery": -0.9318259120482253, "freqsx": [27.747035573122528, 26.798418972332016, 27.272727272727273, 25.8498023715415, 27.035573122529645, 26.561264822134387, 28.221343873517785, 26.324110671936758, 28.695652173913043, 26.08695652173913], "freqsy": [26.798418972332016, 27.5098814229249, 28.221343873517785, 28.458498023715414, 28.932806324110672, 27.747035573122528, 26.08695652173913, 27.272727272727273, 29.1699604743083, 14.229249011857707]}