{"upperx": 0.19733699572680052, "lowerx": -0.19699466812016908, "uppery": 0.5583673835499212, "lowery": -0.5621469795005396, "freqsx": [26.798418972332016, 29.1699604743083, 14.229249011857707, 15.17786561264822, 28.221343873517785, 27.747035573122528, 28.932806324110672, 27.984189723320156, 27.272727272727273, 25.8498023715415], "freqsy": [26.798418972332016, 25.375494071146242, 27.5098814229249, 26.08695652173913, 27.272727272727273, 25.8498023715415, 28.221343873517785, 27.747035573122528, 28.932806324110672, 28.458498023715414]}