{"upperx": 0.1614304191316478, "lowerx": -0.16247235919581726, "uppery": 0.4291055177159251, "lowery": -0.42911866560507406, "freqsx": [26.798418972332016, 28.221343873517785, 27.035573122529645, 26.561264822134387, 26.08695652173913, 28.695652173913043, 27.747035573122528, 27.272727272727273, 26.324110671936758, 25.61264822134387], "freqsy": [26.798418972332016, 28.221343873517785, 27.5098814229249, 14.229249011857707, 28.932806324110672, 28.458498023715414, 27.747035573122528, 22.055335968379445, 22.292490118577074, 22.766798418972332]}