{"upperx": 1.1920551620423794, "lowerx": -1.167346779257059, "uppery": 2.1581792756915092, "lowery": -2.191088803112507, "freqsx": [28.221343873517785, 27.272727272727273, 26.798418972332016, 29.1699604743083, 15.17786561264822, 21.106719367588934, 28.932806324110672, 26.08695652173913, 27.984189723320156, 27.747035573122528], "freqsy": [26.798418972332016, 28.221343873517785, 27.272727272727273, 27.5098814229249, 26.561264822134387, 25.8498023715415, 20.632411067193676, 26.08695652173913, 20.158102766798418, 27.747035573122528]}